Equipment,Equipment ID,Position,Point,Direction,Units,Current,Previous,% Change,Collection Date
Air Compressors,30 KW,COMP DE H,4,Horizontal,g's,1.12, ,--,3/31/2022 14:05
Air Compressors,30 KW,COMP DE H,4,Horizontal,g's,0.0288, ,--,3/31/2022 14:05
Air Compressors,30 KW,COMP DE H,4,Horizontal,ips,0.57, ,--,3/31/2022 14:05
Air Compressors,30 KW,COMP DE H,4,Horizontal,ips,0.488, ,--,3/31/2022 14:05
Air Compressors,30 KW,COMP ODE A,6,Axial,g's,2.98, ,--,3/31/2022 14:01
Air Compressors,30 KW,COMP ODE A,6,Axial,g's,0.0534, ,--,3/31/2022 14:01
Air Compressors,30 KW,COMP ODE A,6,Axial,ips,0.359, ,--,3/31/2022 14:01
Air Compressors,30 KW,COMP ODE A,6,Axial,ips,0.248, ,--,3/31/2022 14:01
Air Compressors,30 KW,COMP ODE H,5,Horizontal,g's,1.48, ,--,3/31/2022 14:00
Air Compressors,30 KW,COMP ODE H,5,Horizontal,g's,0.0192, ,--,3/31/2022 14:00
Air Compressors,30 KW,COMP ODE H,5,Horizontal,ips,0.9, ,--,3/31/2022 14:00
Air Compressors,30 KW,COMP ODE H,5,Horizontal,ips,0.86, ,--,3/31/2022 14:00
Air Compressors,30 KW,MTR DE A,3,Axial,g's,0.205, ,--,3/31/2022 14:04
Air Compressors,30 KW,MTR DE A,3,Axial,g's,0.00222, ,--,3/31/2022 14:04
Air Compressors,30 KW,MTR DE A,3,Axial,ips,0.367, ,--,3/31/2022 14:04
Air Compressors,30 KW,MTR DE A,3,Axial,ips,0.384, ,--,3/31/2022 14:04
Air Compressors,30 KW,MTR DE H,2,Horizontal,g's,1.06, ,--,3/31/2022 14:04
Air Compressors,30 KW,MTR DE H,2,Horizontal,g's,0.02, ,--,3/31/2022 14:04
Air Compressors,30 KW,MTR DE H,2,Horizontal,ips,0.373, ,--,3/31/2022 14:04
Air Compressors,30 KW,MTR DE H,2,Horizontal,ips,0.305, ,--,3/31/2022 14:04
Air Compressors,30 KW,MTR ODE H,1,Horizontal,g's,0.804, ,--,3/31/2022 14:00
Air Compressors,30 KW,MTR ODE H,1,Horizontal,g's,0.00789, ,--,3/31/2022 14:00
Air Compressors,30 KW,MTR ODE H,1,Horizontal,ips,0.358, ,--,3/31/2022 14:00
Air Compressors,30 KW,MTR ODE H,1,Horizontal,ips,0.295, ,--,3/31/2022 14:00
Air Compressors,SULLAIR 100,COMP DE H,4,Horizontal,g's,1.07,1.86,-42.68,3/31/2022 14:07
Air Compressors,SULLAIR 100,COMP DE H,4,Horizontal,g's,0.0262,0.0375,-29.97,3/31/2022 14:07
Air Compressors,SULLAIR 100,COMP DE H,4,Horizontal,ips,0.0914,0.0773,18.22,3/31/2022 14:07
Air Compressors,SULLAIR 100,COMP DE H,4,Horizontal,ips,0.0198,0.0226,-12.56,3/31/2022 14:07
Air Compressors,SULLAIR 100,COMP ODE A,6,Axial,g's,1,1.3,-23.3,3/31/2022 14:08
Air Compressors,SULLAIR 100,COMP ODE A,6,Axial,g's,0.0254,0.0378,-32.66,3/31/2022 14:08
Air Compressors,SULLAIR 100,COMP ODE A,6,Axial,ips,0.0991,0.103,-3.928,3/31/2022 14:08
Air Compressors,SULLAIR 100,COMP ODE A,6,Axial,ips,0.058,0.0752,-22.8,3/31/2022 14:08
Air Compressors,SULLAIR 100,COMP ODE H,5,Horizontal,g's,0.79,0.779,1.37,3/31/2022 14:08
Air Compressors,SULLAIR 100,COMP ODE H,5,Horizontal,g's,0.01,0.011,-8.889,3/31/2022 14:08
Air Compressors,SULLAIR 100,COMP ODE H,5,Horizontal,ips,0.103,0.105,-2.199,3/31/2022 14:07
Air Compressors,SULLAIR 100,COMP ODE H,5,Horizontal,ips,0.0756,0.0431,75.46,3/31/2022 14:07
Air Compressors,SULLAIR 100,MTR DE A,3,Axial,g's,1.23,0.783,57.27,3/31/2022 14:07
Air Compressors,SULLAIR 100,MTR DE A,3,Axial,g's,0.0282,0.0414,-31.88,3/31/2022 14:07
Air Compressors,SULLAIR 100,MTR DE A,3,Axial,ips,0.0571,0.107,-46.43,3/31/2022 14:07
Air Compressors,SULLAIR 100,MTR DE A,3,Axial,ips,0.0331,0.0299,10.63,3/31/2022 14:07
Air Compressors,SULLAIR 100,MTR DE H,2,Horizontal,g's,1,1.21,-17.39,3/31/2022 14:07
Air Compressors,SULLAIR 100,MTR DE H,2,Horizontal,g's,0.0164,0.0171,-3.927,3/31/2022 14:07
Air Compressors,SULLAIR 100,MTR DE H,2,Horizontal,ips,0.0833,0.0674,23.59,3/31/2022 14:07
Air Compressors,SULLAIR 100,MTR DE H,2,Horizontal,ips,0.0529,0.0184,186.9,3/31/2022 14:07
Air Compressors,SULLAIR 100,MTR ODE H,1,Horizontal,g's,1.04,1.05,-1.282,3/31/2022 14:03
Air Compressors,SULLAIR 100,MTR ODE H,1,Horizontal,g's,0.0184,0.0142,29.74,3/31/2022 14:03
Air Compressors,SULLAIR 100,MTR ODE H,1,Horizontal,ips,0.0965,0.103,-6.716,3/31/2022 14:03
Air Compressors,SULLAIR 100,MTR ODE H,1,Horizontal,ips,0.0369,0.0495,-25.56,3/31/2022 14:03
Air Compressors,SULLAIR 150,COMP DE H,4,Horizontal,g's,1.99,3.27,-39.08,3/31/2022 13:47
Air Compressors,SULLAIR 150,COMP DE H,4,Horizontal,g's,0.106,0.249,-57.45,3/31/2022 13:47
Air Compressors,SULLAIR 150,COMP DE H,4,Horizontal,ips,0.11,0.26,-57.64,3/31/2022 13:47
Air Compressors,SULLAIR 150,COMP DE H,4,Horizontal,ips,0.0357,0.0399,-10.6,3/31/2022 13:47
Air Compressors,SULLAIR 150,COMP ODE A,6,Axial,g's,3.27,1.8,81.41,3/31/2022 13:47
Air Compressors,SULLAIR 150,COMP ODE A,6,Axial,g's,0.0567,0.0591,-4.005,3/31/2022 13:47
Air Compressors,SULLAIR 150,COMP ODE A,6,Axial,ips,0.119,0.146,-18.73,3/31/2022 13:47
Air Compressors,SULLAIR 150,COMP ODE A,6,Axial,ips,0.0372,0.0344,8.134,3/31/2022 13:47
Air Compressors,SULLAIR 150,COMP ODE H,5,Horizontal,g's,2.05,4.6,-55.48,3/31/2022 13:46
Air Compressors,SULLAIR 150,COMP ODE H,5,Horizontal,g's,0.0898,0.21,-57.26,3/31/2022 13:46
Air Compressors,SULLAIR 150,COMP ODE H,5,Horizontal,ips,0.164,0.412,-60.09,3/31/2022 13:46
Air Compressors,SULLAIR 150,COMP ODE H,5,Horizontal,ips,0.0455,0.0538,-15.4,3/31/2022 13:46
Air Compressors,SULLAIR 150,MTR DE A,3,Axial,g's,0.739,0.45,64.24,3/31/2022 13:51
Air Compressors,SULLAIR 150,MTR DE A,3,Axial,g's,0.0215,0.01,113.8,3/31/2022 13:51
Air Compressors,SULLAIR 150,MTR DE A,3,Axial,ips,0.135,0.0916,47.97,3/31/2022 13:51
Air Compressors,SULLAIR 150,MTR DE A,3,Axial,ips,0.0763,0.06,27.32,3/31/2022 13:51
Air Compressors,SULLAIR 150,MTR DE H,2,Horizontal,g's,1.11,1.71,-34.86,3/31/2022 13:51
Air Compressors,SULLAIR 150,MTR DE H,2,Horizontal,g's,0.00861,0.0381,-77.4,3/31/2022 13:51
Air Compressors,SULLAIR 150,MTR DE H,2,Horizontal,ips,0.283,0.319,-11.18,3/31/2022 13:51
Air Compressors,SULLAIR 150,MTR DE H,2,Horizontal,ips,0.245,0.304,-19.23,3/31/2022 13:51
Air Compressors,SULLAIR 150,MTR ODE H,1,Horizontal,g's,1.07,0.898,19.44,3/31/2022 13:51
Air Compressors,SULLAIR 150,MTR ODE H,1,Horizontal,g's,0.012,0.0279,-57.11,3/31/2022 13:51
Air Compressors,SULLAIR 150,MTR ODE H,1,Horizontal,ips,0.232,0.114,104.1,3/31/2022 13:51
Air Compressors,SULLAIR 150,MTR ODE H,1,Horizontal,ips,0.195,0.0297,556.9,3/31/2022 13:51
Air Compressors,SULLAIR 50,COMP DE H,4,Horizontal,g's,1.48,2.18,-32.25,3/31/2022 14:01
Air Compressors,SULLAIR 50,COMP DE H,4,Horizontal,g's,0.0422,0.0681,-37.98,3/31/2022 14:01
Air Compressors,SULLAIR 50,COMP DE H,4,Horizontal,ips,0.138,0.0687,100.6,3/31/2022 14:01
Air Compressors,SULLAIR 50,COMP DE H,4,Horizontal,ips,0.0423,0.0237,78.87,3/31/2022 14:01
Air Compressors,SULLAIR 50,COMP ODE A,6,Axial,g's,0.974,1.23,-21.11,3/31/2022 14:02
Air Compressors,SULLAIR 50,COMP ODE A,6,Axial,g's,0.0322,0.041,-21.39,3/31/2022 14:02
Air Compressors,SULLAIR 50,COMP ODE A,6,Axial,ips,0.166,0.0671,147.3,3/31/2022 14:02
Air Compressors,SULLAIR 50,COMP ODE A,6,Axial,ips,0.0985,0.026,278.9,3/31/2022 14:02
Air Compressors,SULLAIR 50,COMP ODE H,5,Horizontal,g's,1.19,1.52,-21.69,3/31/2022 14:01
Air Compressors,SULLAIR 50,COMP ODE H,5,Horizontal,g's,0.0433,0.0665,-34.88,3/31/2022 14:01
Air Compressors,SULLAIR 50,COMP ODE H,5,Horizontal,ips,0.0908,0.0588,54.48,3/31/2022 14:01
Air Compressors,SULLAIR 50,COMP ODE H,5,Horizontal,ips,0.0473,0.0303,56.24,3/31/2022 14:01
Air Compressors,SULLAIR 50,MTR DE A,3,Axial,g's,0.128,0.219,-41.83,3/31/2022 14:00
Air Compressors,SULLAIR 50,MTR DE A,3,Axial,g's,0.00136,0.0186,-92.72,3/31/2022 14:00
Air Compressors,SULLAIR 50,MTR DE A,3,Axial,ips,0.056,0.0384,45.61,3/31/2022 14:00
Air Compressors,SULLAIR 50,MTR DE A,3,Axial,ips,0.0321,0.0245,30.77,3/31/2022 14:00
Air Compressors,SULLAIR 50,MTR DE H,2,Horizontal,g's,0.166,0.238,-30.35,3/31/2022 13:59
Air Compressors,SULLAIR 50,MTR DE H,2,Horizontal,g's,0.00415,0.00932,-55.48,3/31/2022 13:59
Air Compressors,SULLAIR 50,MTR DE H,2,Horizontal,ips,0.0549,0.0432,27.13,3/31/2022 13:59
Air Compressors,SULLAIR 50,MTR DE H,2,Horizontal,ips,0.0372,0.0207,80.06,3/31/2022 13:59
Air Compressors,SULLAIR 50,MTR ODE H,1,Horizontal,g's,0.21,0.252,-16.79,3/31/2022 13:59
Air Compressors,SULLAIR 50,MTR ODE H,1,Horizontal,g's,0.00405,0.0121,-66.58,3/31/2022 13:59
Air Compressors,SULLAIR 50,MTR ODE H,1,Horizontal,ips,0.0506,0.0408,24.06,3/31/2022 13:59
Air Compressors,SULLAIR 50,MTR ODE H,1,Horizontal,ips,0.0288,0.0195,47.4,3/31/2022 13:59
Main Engine Room,HT-204,COMP-M-DE-HORIZ,6,Horizontal,g's,0.886,0.731,21.13,3/31/2022 13:19
Main Engine Room,HT-204,COMP-M-DE-HORIZ,6,Horizontal,g's,0.0378,0.035,7.843,3/31/2022 13:19
Main Engine Room,HT-204,COMP-M-DE-HORIZ,6,Horizontal,ips,0.348,0.367,-5.222,3/31/2022 13:19
Main Engine Room,HT-204,COMP-M-DE-HORIZ,6,Horizontal,ips,0.271,0.283,-4.319,3/31/2022 13:19
Main Engine Room,HT-204,COMP-M-DE-VERT,7,Vertical,g's,0.627,0.324,93.35,3/31/2022 13:15
Main Engine Room,HT-204,COMP-M-DE-VERT,7,Vertical,g's,0.0232,0.0121,91.21,3/31/2022 13:15
Main Engine Room,HT-204,COMP-M-DE-VERT,7,Vertical,ips,0.525,0.467,12.57,3/31/2022 13:15
Main Engine Room,HT-204,COMP-M-DE-VERT,7,Vertical,ips,0.471,0.394,19.34,3/31/2022 13:15
Main Engine Room,HT-204,COMP-M-ODE-AXIAL,10,Axial,g's,0.569,1.16,-50.73,3/31/2022 13:15
Main Engine Room,HT-204,COMP-M-ODE-AXIAL,10,Axial,g's,0.0233,0.0447,-47.95,3/31/2022 13:15
Main Engine Room,HT-204,COMP-M-ODE-AXIAL,10,Axial,ips,0.212,0.152,39.11,3/31/2022 13:14
Main Engine Room,HT-204,COMP-M-ODE-AXIAL,10,Axial,ips,0.142,0.0853,66.09,3/31/2022 13:14
Main Engine Room,HT-204,COMP-M-ODE-HORIZ,8,Horizontal,g's,0.303,0.681,-55.47,3/31/2022 13:14
Main Engine Room,HT-204,COMP-M-ODE-HORIZ,8,Horizontal,g's,0.0102,0.0275,-62.86,3/31/2022 13:14
Main Engine Room,HT-204,COMP-M-ODE-HORIZ,8,Horizontal,ips,0.282,0.294,-4.213,3/31/2022 13:14
Main Engine Room,HT-204,COMP-M-ODE-HORIZ,8,Horizontal,ips,0.234,0.354,-33.73,3/31/2022 13:14
Main Engine Room,HT-204,COMP-M-ODE-VERT,9,Vertical,g's,0.474,0.584,-18.75,3/31/2022 13:14
Main Engine Room,HT-204,COMP-M-ODE-VERT,9,Vertical,g's,0.0199,0.0228,-12.6,3/31/2022 13:14
Main Engine Room,HT-204,COMP-M-ODE-VERT,9,Vertical,ips,0.185,0.172,7.695,3/31/2022 13:14
Main Engine Room,HT-204,COMP-M-ODE-VERT,9,Vertical,ips,0.118,0.0788,49.33,3/31/2022 13:14
Main Engine Room,HT-204,MTR-DE-AXIAL,5,Axial,g's,1.03,0.285,260.1,3/31/2022 13:19
Main Engine Room,HT-204,MTR-DE-AXIAL,5,Axial,g's,0.00754,0.0022,243.1,3/31/2022 13:19
Main Engine Room,HT-204,MTR-DE-AXIAL,5,Axial,ips,0.186,0.136,36.38,3/31/2022 13:19
Main Engine Room,HT-204,MTR-DE-AXIAL,5,Axial,ips,0.0629,0.135,-53.46,3/31/2022 13:19
Main Engine Room,HT-204,MTR-DE-HORIZ,3,Horizontal,g's,3.14,1.62,93.31,3/31/2022 13:18
Main Engine Room,HT-204,MTR-DE-HORIZ,3,Horizontal,g's,0.0328,0.0117,179.9,3/31/2022 13:18
Main Engine Room,HT-204,MTR-DE-HORIZ,3,Horizontal,ips,0.235,0.157,49.75,3/31/2022 13:18
Main Engine Room,HT-204,MTR-DE-HORIZ,3,Horizontal,ips,0.138,0.157,-12.24,3/31/2022 13:18
Main Engine Room,HT-204,MTR-DE-VERT,4,Vertical,g's,2,1.08,85.33,3/31/2022 13:19
Main Engine Room,HT-204,MTR-DE-VERT,4,Vertical,g's,0.0147,0.00855,71.79,3/31/2022 13:19
Main Engine Room,HT-204,MTR-DE-VERT,4,Vertical,ips,0.189,0.2,-5.139,3/31/2022 13:19
Main Engine Room,HT-204,MTR-DE-VERT,4,Vertical,ips,0.15,0.138,8.777,3/31/2022 13:19
Main Engine Room,HT-204,MTR-ODE-HORIZ,1,Horizontal,g's,0.839,0.385,118,3/31/2022 13:17
Main Engine Room,HT-204,MTR-ODE-HORIZ,1,Horizontal,g's,0.00591,0.00282,109.2,3/31/2022 13:17
Main Engine Room,HT-204,MTR-ODE-HORIZ,1,Horizontal,ips,0.295,0.235,25.64,3/31/2022 13:17
Main Engine Room,HT-204,MTR-ODE-HORIZ,1,Horizontal,ips,0.198,0.144,38.01,3/31/2022 13:17
Main Engine Room,HT-204,MTR-ODE-VERT,2,Vertical,g's,1,0.471,112.6,3/31/2022 13:18
Main Engine Room,HT-204,MTR-ODE-VERT,2,Vertical,g's,0.00699,0.00325,115,3/31/2022 13:18
Main Engine Room,HT-204,MTR-ODE-VERT,2,Vertical,ips,0.18,0.142,26.92,3/31/2022 13:18
Main Engine Room,HT-204,MTR-ODE-VERT,2,Vertical,ips,0.09,0.0855,5.174,3/31/2022 13:18
Main Engine Room,HT-205,COMP-M-DE-HORIZ,6,Horizontal,g's,0.766,1.18,-35.22,3/31/2022 13:10
Main Engine Room,HT-205,COMP-M-DE-HORIZ,6,Horizontal,g's,0.0185,0.028,-33.93,3/31/2022 13:10
Main Engine Room,HT-205,COMP-M-DE-HORIZ,6,Horizontal,ips,0.311,0.289,7.65,3/31/2022 13:10
Main Engine Room,HT-205,COMP-M-DE-HORIZ,6,Horizontal,ips,0.166,0.216,-23.53,3/31/2022 13:10
Main Engine Room,HT-205,COMP-M-DE-VERT,7,Vertical,g's,1.14,1.31,-12.72,3/31/2022 13:11
Main Engine Room,HT-205,COMP-M-DE-VERT,7,Vertical,g's,0.0366,0.0393,-7.06,3/31/2022 13:11
Main Engine Room,HT-205,COMP-M-DE-VERT,7,Vertical,ips,0.341,0.329,3.562,3/31/2022 13:11
Main Engine Room,HT-205,COMP-M-DE-VERT,7,Vertical,ips,0.189,0.206,-8.352,3/31/2022 13:11
Main Engine Room,HT-205,COMP-M-ODE-AXIAL,10,Axial,g's,1.05,1.16,-9.593,3/31/2022 13:12
Main Engine Room,HT-205,COMP-M-ODE-AXIAL,10,Axial,g's,0.0305,0.0342,-11.05,3/31/2022 13:12
Main Engine Room,HT-205,COMP-M-ODE-AXIAL,10,Axial,ips,0.2,0.203,-1.49,3/31/2022 13:12
Main Engine Room,HT-205,COMP-M-ODE-AXIAL,10,Axial,ips,0.141,0.138,2.37,3/31/2022 13:12
Main Engine Room,HT-205,COMP-M-ODE-HORIZ,8,Horizontal,g's,0.901,0.527,70.91,3/31/2022 13:11
Main Engine Room,HT-205,COMP-M-ODE-HORIZ,8,Horizontal,g's,0.0274,0.0166,65.26,3/31/2022 13:11
Main Engine Room,HT-205,COMP-M-ODE-HORIZ,8,Horizontal,ips,0.295,0.309,-4.368,3/31/2022 13:11
Main Engine Room,HT-205,COMP-M-ODE-HORIZ,8,Horizontal,ips,0.176,0.196,-10.19,3/31/2022 13:11
Main Engine Room,HT-205,COMP-M-ODE-VERT,9,Vertical,g's,0.722,0.634,13.98,3/31/2022 13:12
Main Engine Room,HT-205,COMP-M-ODE-VERT,9,Vertical,g's,0.0184,0.0235,-21.57,3/31/2022 13:12
Main Engine Room,HT-205,COMP-M-ODE-VERT,9,Vertical,ips,0.272,0.258,5.329,3/31/2022 13:11
Main Engine Room,HT-205,COMP-M-ODE-VERT,9,Vertical,ips,0.174,0.168,3.833,3/31/2022 13:11
Main Engine Room,HT-205,MTR-DE-AXIAL,5,Axial,g's,2.71,1.59,70.27,3/31/2022 13:10
Main Engine Room,HT-205,MTR-DE-AXIAL,5,Axial,g's,0.034,0.016,111.9,3/31/2022 13:10
Main Engine Room,HT-205,MTR-DE-AXIAL,5,Axial,ips,0.438,0.462,-5.166,3/31/2022 13:10
Main Engine Room,HT-205,MTR-DE-AXIAL,5,Axial,ips,0.396,0.414,-4.371,3/31/2022 13:10
Main Engine Room,HT-205,MTR-DE-HORIZ,3,Horizontal,g's,2.32,3.34,-30.41,3/31/2022 13:09
Main Engine Room,HT-205,MTR-DE-HORIZ,3,Horizontal,g's,0.0254,0.0448,-43.27,3/31/2022 13:09
Main Engine Room,HT-205,MTR-DE-HORIZ,3,Horizontal,ips,0.2,0.167,19.48,3/31/2022 13:09
Main Engine Room,HT-205,MTR-DE-HORIZ,3,Horizontal,ips,0.119,0.0965,23.37,3/31/2022 13:09
Main Engine Room,HT-205,MTR-DE-VERT,4,Vertical,g's,2.33,2.07,12.75,3/31/2022 13:10
Main Engine Room,HT-205,MTR-DE-VERT,4,Vertical,g's,0.0249,0.0352,-29.44,3/31/2022 13:10
Main Engine Room,HT-205,MTR-DE-VERT,4,Vertical,ips,0.36,0.411,-12.57,3/31/2022 13:10
Main Engine Room,HT-205,MTR-DE-VERT,4,Vertical,ips,0.346,0.363,-4.628,3/31/2022 13:10
Main Engine Room,HT-205,MTR-ODE-HORIZ,1,Horizontal,g's,1.92,1.35,42.11,3/31/2022 13:09
Main Engine Room,HT-205,MTR-ODE-HORIZ,1,Horizontal,g's,0.0255,0.0212,20.61,3/31/2022 13:09
Main Engine Room,HT-205,MTR-ODE-HORIZ,1,Horizontal,ips,0.319,0.345,-7.451,3/31/2022 13:09
Main Engine Room,HT-205,MTR-ODE-HORIZ,1,Horizontal,ips,0.276,0.297,-7.114,3/31/2022 13:09
Main Engine Room,HT-205,MTR-ODE-VERT,2,Vertical,g's,0.334,0.37,-9.696,3/31/2022 13:09
Main Engine Room,HT-205,MTR-ODE-VERT,2,Vertical,g's,0.00492,0.0117,-58.06,3/31/2022 13:09
Main Engine Room,HT-205,MTR-ODE-VERT,2,Vertical,ips,0.157,0.187,-16.04,3/31/2022 13:09
Main Engine Room,HT-205,MTR-ODE-VERT,2,Vertical,ips,0.136,0.154,-12.2,3/31/2022 13:09
Main Engine Room,HT-207,COMP-DE-HORIZ,6,Horizontal,g's,0.643,0.483,33.3,3/1/2022 10:15
Main Engine Room,HT-207,COMP-DE-HORIZ,6,Horizontal,g's,0.0173,0.0143,21.41,3/1/2022 10:15
Main Engine Room,HT-207,COMP-DE-HORIZ,6,Horizontal,ips,0.168,0.173,-2.966,3/1/2022 10:14
Main Engine Room,HT-207,COMP-DE-HORIZ,6,Horizontal,ips,0.0715,0.0844,-15.27,3/1/2022 10:14
Main Engine Room,HT-207,COMP-DE-VERT,7,Vertical,g's,0.708,0.346,104.4,3/1/2022 10:15
Main Engine Room,HT-207,COMP-DE-VERT,7,Vertical,g's,0.0187,0.0115,62.17,3/1/2022 10:15
Main Engine Room,HT-207,COMP-DE-VERT,7,Vertical,ips,0.188,0.143,31.42,3/1/2022 10:15
Main Engine Room,HT-207,COMP-DE-VERT,7,Vertical,ips,0.145,0.0658,120.6,3/1/2022 10:15
Main Engine Room,HT-207,COMP-ODE-AXIAL,10,Axial,g's,0.64,0.415,54.12,3/1/2022 10:16
Main Engine Room,HT-207,COMP-ODE-AXIAL,10,Axial,g's,0.0187,0.013,43.41,3/1/2022 10:16
Main Engine Room,HT-207,COMP-ODE-AXIAL,10,Axial,ips,0.122,0.169,-27.5,3/1/2022 10:16
Main Engine Room,HT-207,COMP-ODE-AXIAL,10,Axial,ips,0.094,0.149,-36.77,3/1/2022 10:16
Main Engine Room,HT-207,COMP-ODE-HORIZ,8,Horizontal,g's,0.426,0.351,21.36,3/1/2022 10:15
Main Engine Room,HT-207,COMP-ODE-HORIZ,8,Horizontal,g's,0.0135,0.0147,-8.048,3/1/2022 10:15
Main Engine Room,HT-207,COMP-ODE-HORIZ,8,Horizontal,ips,0.177,0.164,8.112,3/1/2022 10:15
Main Engine Room,HT-207,COMP-ODE-HORIZ,8,Horizontal,ips,0.0703,0.0801,-12.28,3/1/2022 10:15
Main Engine Room,HT-207,COMP-ODE-VERT,9,Vertical,g's,0.119,0.303,-60.66,3/1/2022 10:16
Main Engine Room,HT-207,COMP-ODE-VERT,9,Vertical,g's,0.00298,0.0118,-74.72,3/1/2022 10:16
Main Engine Room,HT-207,COMP-ODE-VERT,9,Vertical,ips,0.189,0.216,-12.83,3/1/2022 10:16
Main Engine Room,HT-207,COMP-ODE-VERT,9,Vertical,ips,0.162,0.162,0.5287,3/1/2022 10:16
Main Engine Room,HT-207,MTR-DE-AXIAL,5,Axial,g's,0.619,0.183,238.8,3/1/2022 10:14
Main Engine Room,HT-207,MTR-DE-AXIAL,5,Axial,g's,0.00948,0.00427,121.8,3/1/2022 10:14
Main Engine Room,HT-207,MTR-DE-AXIAL,5,Axial,ips,0.163,0.22,-25.6,3/1/2022 10:14
Main Engine Room,HT-207,MTR-DE-AXIAL,5,Axial,ips,0.124,0.182,-32.16,3/1/2022 10:14
Main Engine Room,HT-207,MTR-DE-HORIZ,3,Horizontal,g's,0.872,0.675,29.28,3/1/2022 10:13
Main Engine Room,HT-207,MTR-DE-HORIZ,3,Horizontal,g's,0.0171,0.012,42.26,3/1/2022 10:13
Main Engine Room,HT-207,MTR-DE-HORIZ,3,Horizontal,ips,0.169,0.19,-11.19,3/1/2022 10:13
Main Engine Room,HT-207,MTR-DE-HORIZ,3,Horizontal,ips,0.144,0.162,-10.93,3/1/2022 10:13
Main Engine Room,HT-207,MTR-DE-VERT,4,Vertical,g's,0.846,0.526,60.79,3/1/2022 10:14
Main Engine Room,HT-207,MTR-DE-VERT,4,Vertical,g's,0.0116,0.0122,-4.988,3/1/2022 10:14
Main Engine Room,HT-207,MTR-DE-VERT,4,Vertical,ips,0.135,0.152,-11.6,3/1/2022 10:14
Main Engine Room,HT-207,MTR-DE-VERT,4,Vertical,ips,0.0854,0.095,-10.06,3/1/2022 10:14
Main Engine Room,HT-207,MTR-ODE-HORIZ,1,Horizontal,g's,0.544,0.383,42.31,3/1/2022 10:13
Main Engine Room,HT-207,MTR-ODE-HORIZ,1,Horizontal,g's,0.00668,0.00656,1.86,3/1/2022 10:13
Main Engine Room,HT-207,MTR-ODE-HORIZ,1,Horizontal,ips,0.161,0.152,6.153,3/1/2022 10:12
Main Engine Room,HT-207,MTR-ODE-HORIZ,1,Horizontal,ips,0.0855,0.0922,-7.297,3/1/2022 10:12
Main Engine Room,HT-207,MTR-ODE-VERT,2,Vertical,g's,0.216,0.179,20.76,3/1/2022 10:13
Main Engine Room,HT-207,MTR-ODE-VERT,2,Vertical,g's,0.00549,0.00179,207.3,3/1/2022 10:13
Main Engine Room,HT-207,MTR-ODE-VERT,2,Vertical,ips,0.1,0.104,-3.628,3/1/2022 10:13
Main Engine Room,HT-207,MTR-ODE-VERT,2,Vertical,ips,0.0678,0.0606,12.02,3/1/2022 10:13
Main Engine Room,HT-208,COMP-DE-HORIZ,6,Horizontal,g's,0.682,0.626,8.927,3/31/2022 13:02
Main Engine Room,HT-208,COMP-DE-HORIZ,6,Horizontal,g's,0.0231,0.0206,12.21,3/31/2022 13:02
Main Engine Room,HT-208,COMP-DE-HORIZ,6,Horizontal,ips,0.334,0.294,13.61,3/31/2022 13:02
Main Engine Room,HT-208,COMP-DE-HORIZ,6,Horizontal,ips,0.276,0.196,40.64,3/31/2022 13:02
Main Engine Room,HT-208,COMP-DE-VERT,7,Vertical,g's,0.514,0.313,64.49,3/31/2022 13:03
Main Engine Room,HT-208,COMP-DE-VERT,7,Vertical,g's,0.017,0.0112,51.63,3/31/2022 13:03
Main Engine Room,HT-208,COMP-DE-VERT,7,Vertical,ips,0.254,0.207,22.69,3/31/2022 13:03
Main Engine Room,HT-208,COMP-DE-VERT,7,Vertical,ips,0.178,0.1,77.51,3/31/2022 13:03
Main Engine Room,HT-208,COMP-ODE-AXIAL,10,Axial,g's,1.38,1.61,-14.44,3/31/2022 13:04
Main Engine Room,HT-208,COMP-ODE-AXIAL,10,Axial,g's,0.0374,0.0654,-42.88,3/31/2022 13:04
Main Engine Room,HT-208,COMP-ODE-AXIAL,10,Axial,ips,0.119,0.113,5.843,3/31/2022 13:04
Main Engine Room,HT-208,COMP-ODE-AXIAL,10,Axial,ips,0.0409,0.0411,-0.3419,3/31/2022 13:04
Main Engine Room,HT-208,COMP-ODE-HORIZ,8,Horizontal,g's,1.29,0.458,181.2,3/31/2022 13:03
Main Engine Room,HT-208,COMP-ODE-HORIZ,8,Horizontal,g's,0.0415,0.0131,216,3/31/2022 13:03
Main Engine Room,HT-208,COMP-ODE-HORIZ,8,Horizontal,ips,0.312,0.325,-4.054,3/31/2022 13:03
Main Engine Room,HT-208,COMP-ODE-HORIZ,8,Horizontal,ips,0.28,0.305,-8.424,3/31/2022 13:03
Main Engine Room,HT-208,COMP-ODE-VERT,9,Vertical,g's,1.04,0.638,63.33,3/31/2022 13:03
Main Engine Room,HT-208,COMP-ODE-VERT,9,Vertical,g's,0.0189,0.0179,5.639,3/31/2022 13:03
Main Engine Room,HT-208,COMP-ODE-VERT,9,Vertical,ips,0.257,0.164,56.67,3/31/2022 13:03
Main Engine Room,HT-208,COMP-ODE-VERT,9,Vertical,ips,0.193,0.109,76.57,3/31/2022 13:03
Main Engine Room,HT-208,MTR-DE-AXIAL,5,Axial,g's,0.758,0.243,211.5,3/31/2022 13:02
Main Engine Room,HT-208,MTR-DE-AXIAL,5,Axial,g's,0.0102,0.00444,128.9,3/31/2022 13:02
Main Engine Room,HT-208,MTR-DE-AXIAL,5,Axial,ips,0.144,0.101,42.24,3/31/2022 13:02
Main Engine Room,HT-208,MTR-DE-AXIAL,5,Axial,ips,0.126,0.0574,119.4,3/31/2022 13:02
Main Engine Room,HT-208,MTR-DE-HORIZ,3,Horizontal,g's,2.8,1.01,176.7,3/31/2022 13:01
Main Engine Room,HT-208,MTR-DE-HORIZ,3,Horizontal,g's,0.0377,0.0206,83.23,3/31/2022 13:01
Main Engine Room,HT-208,MTR-DE-HORIZ,3,Horizontal,ips,0.143,0.141,1.651,3/31/2022 13:01
Main Engine Room,HT-208,MTR-DE-HORIZ,3,Horizontal,ips,0.0962,0.11,-12.32,3/31/2022 13:01
Main Engine Room,HT-208,MTR-DE-VERT,4,Vertical,g's,1.89,1.17,61.76,3/31/2022 13:02
Main Engine Room,HT-208,MTR-DE-VERT,4,Vertical,g's,0.0363,0.0204,78.41,3/31/2022 13:02
Main Engine Room,HT-208,MTR-DE-VERT,4,Vertical,ips,0.156,0.173,-9.672,3/31/2022 13:01
Main Engine Room,HT-208,MTR-DE-VERT,4,Vertical,ips,0.0912,0.135,-32.62,3/31/2022 13:01
Main Engine Room,HT-208,MTR-ODE-HORIZ,1,Horizontal,g's,2.04,0.536,280.4,3/31/2022 13:01
Main Engine Room,HT-208,MTR-ODE-HORIZ,1,Horizontal,g's,0.0281,0.00949,195.8,3/31/2022 13:01
Main Engine Room,HT-208,MTR-ODE-HORIZ,1,Horizontal,ips,0.262,0.209,25.76,3/31/2022 13:00
Main Engine Room,HT-208,MTR-ODE-HORIZ,1,Horizontal,ips,0.23,0.157,46.81,3/31/2022 13:00
Main Engine Room,HT-208,MTR-ODE-VERT,2,Vertical,g's,2.06,0.413,398.8,3/31/2022 13:01
Main Engine Room,HT-208,MTR-ODE-VERT,2,Vertical,g's,0.0322,0.00484,565.6,3/31/2022 13:01
Main Engine Room,HT-208,MTR-ODE-VERT,2,Vertical,ips,0.224,0.21,7.007,3/31/2022 13:01
Main Engine Room,HT-208,MTR-ODE-VERT,2,Vertical,ips,0.199,0.188,6.045,3/31/2022 13:01
Main Engine Room,HT-209,COMP-M-DE-HORIZ,6,Horizontal,g's,0.91,1.17,-21.97,3/31/2022 13:05
Main Engine Room,HT-209,COMP-M-DE-HORIZ,6,Horizontal,g's,0.0399,0.054,-26.19,3/31/2022 13:05
Main Engine Room,HT-209,COMP-M-DE-HORIZ,6,Horizontal,ips,0.29,0.255,13.76,3/31/2022 13:05
Main Engine Room,HT-209,COMP-M-DE-HORIZ,6,Horizontal,ips,0.215,0.212,1.395,3/31/2022 13:05
Main Engine Room,HT-209,COMP-M-DE-VERT,7,Vertical,g's,1.73,1.24,38.75,3/31/2022 13:06
Main Engine Room,HT-209,COMP-M-DE-VERT,7,Vertical,g's,0.0805,0.0623,29.17,3/31/2022 13:06
Main Engine Room,HT-209,COMP-M-DE-VERT,7,Vertical,ips,0.214,0.178,20.1,3/31/2022 13:06
Main Engine Room,HT-209,COMP-M-DE-VERT,7,Vertical,ips,0.157,0.122,29.34,3/31/2022 13:06
Main Engine Room,HT-209,COMP-M-ODE-AXIAL,10,Axial,g's,0.696,0.94,-26.04,3/31/2022 13:07
Main Engine Room,HT-209,COMP-M-ODE-AXIAL,10,Axial,g's,0.0234,0.0392,-40.36,3/31/2022 13:07
Main Engine Room,HT-209,COMP-M-ODE-AXIAL,10,Axial,ips,0.11,0.142,-22.1,3/31/2022 13:07
Main Engine Room,HT-209,COMP-M-ODE-AXIAL,10,Axial,ips,0.0548,0.0721,-24.02,3/31/2022 13:07
Main Engine Room,HT-209,COMP-M-ODE-HORIZ,8,Horizontal,g's,0.573,0.964,-40.61,3/31/2022 13:06
Main Engine Room,HT-209,COMP-M-ODE-HORIZ,8,Horizontal,g's,0.0284,0.043,-34.03,3/31/2022 13:06
Main Engine Room,HT-209,COMP-M-ODE-HORIZ,8,Horizontal,ips,0.259,0.216,19.8,3/31/2022 13:06
Main Engine Room,HT-209,COMP-M-ODE-HORIZ,8,Horizontal,ips,0.202,0.154,31.28,3/31/2022 13:06
Main Engine Room,HT-209,COMP-M-ODE-VERT,9,Vertical,g's,0.84,0.603,39.24,3/31/2022 13:07
Main Engine Room,HT-209,COMP-M-ODE-VERT,9,Vertical,g's,0.0444,0.0268,65.66,3/31/2022 13:07
Main Engine Room,HT-209,COMP-M-ODE-VERT,9,Vertical,ips,0.129,0.121,6.798,3/31/2022 13:06
Main Engine Room,HT-209,COMP-M-ODE-VERT,9,Vertical,ips,0.0735,0.0846,-13.08,3/31/2022 13:06
Main Engine Room,HT-209,MTR-DE-AXIAL,5,Axial,g's,0.614,0.682,-9.886,3/31/2022 13:05
Main Engine Room,HT-209,MTR-DE-AXIAL,5,Axial,g's,0.00607,0.00652,-6.792,3/31/2022 13:05
Main Engine Room,HT-209,MTR-DE-AXIAL,5,Axial,ips,0.19,0.14,35.53,3/31/2022 13:04
Main Engine Room,HT-209,MTR-DE-AXIAL,5,Axial,ips,0.151,0.101,49.88,3/31/2022 13:04
Main Engine Room,HT-209,MTR-DE-HORIZ,3,Horizontal,g's,0.311,0.288,8.189,3/31/2022 13:04
Main Engine Room,HT-209,MTR-DE-HORIZ,3,Horizontal,g's,0.00362,0.0046,-21.39,3/31/2022 13:04
Main Engine Room,HT-209,MTR-DE-HORIZ,3,Horizontal,ips,0.415,0.38,9.349,3/31/2022 13:04
Main Engine Room,HT-209,MTR-DE-HORIZ,3,Horizontal,ips,0.347,0.334,3.911,3/31/2022 13:04
Main Engine Room,HT-209,MTR-DE-VERT,4,Vertical,g's,0.315,0.339,-7.022,3/31/2022 13:04
Main Engine Room,HT-209,MTR-DE-VERT,4,Vertical,g's,0.00224,0.00413,-45.66,3/31/2022 13:04
Main Engine Room,HT-209,MTR-DE-VERT,4,Vertical,ips,0.235,0.217,8.234,3/31/2022 13:04
Main Engine Room,HT-209,MTR-DE-VERT,4,Vertical,ips,0.173,0.166,4.551,3/31/2022 13:04
Main Engine Room,HT-209,MTR-ODE-HORIZ,1,Horizontal,g's,0.331,0.53,-37.67,3/31/2022 13:03
Main Engine Room,HT-209,MTR-ODE-HORIZ,1,Horizontal,g's,0.00692,0.00482,43.51,3/31/2022 13:03
Main Engine Room,HT-209,MTR-ODE-HORIZ,1,Horizontal,ips,0.361,0.364,-0.6242,3/31/2022 13:03
Main Engine Room,HT-209,MTR-ODE-HORIZ,1,Horizontal,ips,0.274,0.267,2.591,3/31/2022 13:03
Main Engine Room,HT-209,MTR-ODE-VERT,2,Vertical,g's,0.324,0.404,-19.73,3/31/2022 13:03
Main Engine Room,HT-209,MTR-ODE-VERT,2,Vertical,g's,0.00283,0.00552,-48.76,3/31/2022 13:03
Main Engine Room,HT-209,MTR-ODE-VERT,2,Vertical,ips,0.22,0.219,0.08659,3/31/2022 13:03
Main Engine Room,HT-209,MTR-ODE-VERT,2,Vertical,ips,0.15,0.146,2.761,3/31/2022 13:03
Main Engine Room,HT-210,COMP-DE-HORIZ,6,Horizontal,g's,0.373,0.307,21.23,3/31/2022 13:10
Main Engine Room,HT-210,COMP-DE-HORIZ,6,Horizontal,g's,0.0155,0.0181,-14.53,3/31/2022 13:10
Main Engine Room,HT-210,COMP-DE-HORIZ,6,Horizontal,ips,0.241,0.225,6.69,3/31/2022 13:10
Main Engine Room,HT-210,COMP-DE-HORIZ,6,Horizontal,ips,0.171,0.165,3.836,3/31/2022 13:10
Main Engine Room,HT-210,COMP-DE-VERT,7,Vertical,g's,0.774,0.104,641.8,3/31/2022 13:11
Main Engine Room,HT-210,COMP-DE-VERT,7,Vertical,g's,0.042,0.00583,620.3,3/31/2022 13:11
Main Engine Room,HT-210,COMP-DE-VERT,7,Vertical,ips,0.28,0.172,63.25,3/31/2022 13:11
Main Engine Room,HT-210,COMP-DE-VERT,7,Vertical,ips,0.151,0.134,13.2,3/31/2022 13:11
Main Engine Room,HT-210,COMP-ODE-AXIAL,10,Axial,g's,0.224,0.566,-60.31,3/31/2022 13:12
Main Engine Room,HT-210,COMP-ODE-AXIAL,10,Axial,g's,0.0101,0.0318,-68.13,3/31/2022 13:12
Main Engine Room,HT-210,COMP-ODE-AXIAL,10,Axial,ips,0.209,0.253,-17.56,3/31/2022 13:12
Main Engine Room,HT-210,COMP-ODE-AXIAL,10,Axial,ips,0.202,0.233,-13.38,3/31/2022 13:12
Main Engine Room,HT-210,COMP-ODE-HORIZ,8,Horizontal,g's,0.468,0.345,35.82,3/31/2022 13:11
Main Engine Room,HT-210,COMP-ODE-HORIZ,8,Horizontal,g's,0.0287,0.0172,66.68,3/31/2022 13:11
Main Engine Room,HT-210,COMP-ODE-HORIZ,8,Horizontal,ips,0.177,0.194,-8.518,3/31/2022 13:11
Main Engine Room,HT-210,COMP-ODE-HORIZ,8,Horizontal,ips,0.149,0.134,11.28,3/31/2022 13:11
Main Engine Room,HT-210,COMP-ODE-VERT,9,Vertical,g's,0.332,0.194,70.96,3/31/2022 13:12
Main Engine Room,HT-210,COMP-ODE-VERT,9,Vertical,g's,0.018,0.00796,125.7,3/31/2022 13:12
Main Engine Room,HT-210,COMP-ODE-VERT,9,Vertical,ips,0.154,0.139,10.95,3/31/2022 13:12
Main Engine Room,HT-210,COMP-ODE-VERT,9,Vertical,ips,0.107,0.0911,17.62,3/31/2022 13:12
Main Engine Room,HT-210,MTR-DE-AXIAL,5,Axial,g's,0.443,0.497,-10.91,3/31/2022 13:10
Main Engine Room,HT-210,MTR-DE-AXIAL,5,Axial,g's,0.0079,0.0107,-26.12,3/31/2022 13:10
Main Engine Room,HT-210,MTR-DE-AXIAL,5,Axial,ips,0.186,0.241,-22.98,3/31/2022 13:10
Main Engine Room,HT-210,MTR-DE-AXIAL,5,Axial,ips,0.166,0.195,-14.59,3/31/2022 13:10
Main Engine Room,HT-210,MTR-DE-HORIZ,3,Horizontal,g's,1.69,1.8,-6.036,3/31/2022 13:09
Main Engine Room,HT-210,MTR-DE-HORIZ,3,Horizontal,g's,0.0325,0.0354,-8.355,3/31/2022 13:09
Main Engine Room,HT-210,MTR-DE-HORIZ,3,Horizontal,ips,0.605,0.563,7.436,3/31/2022 13:09
Main Engine Room,HT-210,MTR-DE-HORIZ,3,Horizontal,ips,0.491,0.572,-14.25,3/31/2022 13:09
Main Engine Room,HT-210,MTR-DE-VERT,4,Vertical,g's,2.53,1.33,90.02,3/31/2022 13:09
Main Engine Room,HT-210,MTR-DE-VERT,4,Vertical,g's,0.0414,0.0182,127.3,3/31/2022 13:09
Main Engine Room,HT-210,MTR-DE-VERT,4,Vertical,ips,0.191,0.2,-4.346,3/31/2022 13:09
Main Engine Room,HT-210,MTR-DE-VERT,4,Vertical,ips,0.124,0.184,-32.88,3/31/2022 13:09
Main Engine Room,HT-210,MTR-ODE-HORIZ,1,Horizontal,g's,0.734,0.849,-13.62,3/31/2022 13:08
Main Engine Room,HT-210,MTR-ODE-HORIZ,1,Horizontal,g's,0.0119,0.0146,-18.43,3/31/2022 13:08
Main Engine Room,HT-210,MTR-ODE-HORIZ,1,Horizontal,ips,0.474,0.456,3.948,3/31/2022 13:08
Main Engine Room,HT-210,MTR-ODE-HORIZ,1,Horizontal,ips,0.375,0.364,2.919,3/31/2022 13:08
Main Engine Room,HT-210,MTR-ODE-VERT,2,Vertical,g's,0.838,0.396,111.6,3/31/2022 13:08
Main Engine Room,HT-210,MTR-ODE-VERT,2,Vertical,g's,0.0136,0.00474,187.6,3/31/2022 13:08
Main Engine Room,HT-210,MTR-ODE-VERT,2,Vertical,ips,0.14,0.129,8.099,3/31/2022 13:08
Main Engine Room,HT-210,MTR-ODE-VERT,2,Vertical,ips,0.091,0.0797,14.09,3/31/2022 13:08
Main Engine Room,HT-211,COMP-F-DE-HORIZ,14,Horizontal,g's,1.68,0.598,180.7,3/31/2022 12:59
Main Engine Room,HT-211,COMP-F-DE-HORIZ,14,Horizontal,g's,0.06,0.0323,85.65,3/31/2022 12:59
Main Engine Room,HT-211,COMP-F-DE-HORIZ,14,Horizontal,ips,0.108,0.109,-0.8298,3/31/2022 12:58
Main Engine Room,HT-211,COMP-F-DE-HORIZ,14,Horizontal,ips,0.0741,0.0818,-9.5,3/31/2022 12:58
Main Engine Room,HT-211,COMP-F-DE-VERT,15,Vertical,g's,1.05,0.876,20.25,3/31/2022 12:59
Main Engine Room,HT-211,COMP-F-DE-VERT,15,Vertical,g's,0.0409,0.0144,183.8,3/31/2022 12:59
Main Engine Room,HT-211,COMP-F-DE-VERT,15,Vertical,ips,0.104,0.109,-5.142,3/31/2022 12:59
Main Engine Room,HT-211,COMP-F-DE-VERT,15,Vertical,ips,0.062,0.0694,-10.57,3/31/2022 12:59
Main Engine Room,HT-211,COMP-F-ODE-AXIAL,11,Axial,g's,2.72,2.9,-5.979,3/31/2022 12:57
Main Engine Room,HT-211,COMP-F-ODE-AXIAL,11,Axial,g's,0.125,0.129,-3.302,3/31/2022 12:57
Main Engine Room,HT-211,COMP-F-ODE-AXIAL,11,Axial,ips,0.125,0.147,-14.57,3/31/2022 12:57
Main Engine Room,HT-211,COMP-F-ODE-AXIAL,11,Axial,ips,0.0519,0.0673,-22.84,3/31/2022 12:57
Main Engine Room,HT-211,COMP-F-ODE-HORIZ,12,Horizontal,g's,1.29,0.786,64.61,3/31/2022 12:58
Main Engine Room,HT-211,COMP-F-ODE-HORIZ,12,Horizontal,g's,0.0405,0.022,83.81,3/31/2022 12:58
Main Engine Room,HT-211,COMP-F-ODE-HORIZ,12,Horizontal,ips,0.124,0.0887,39.64,3/31/2022 12:58
Main Engine Room,HT-211,COMP-F-ODE-HORIZ,12,Horizontal,ips,0.0584,0.054,8.043,3/31/2022 12:58
Main Engine Room,HT-211,COMP-F-ODE-VERT,13,Vertical,g's,2.02,0.568,256.7,3/31/2022 12:58
Main Engine Room,HT-211,COMP-F-ODE-VERT,13,Vertical,g's,0.103,0.0188,446.7,3/31/2022 12:58
Main Engine Room,HT-211,COMP-F-ODE-VERT,13,Vertical,ips,0.151,0.134,12.36,3/31/2022 12:58
Main Engine Room,HT-211,COMP-F-ODE-VERT,13,Vertical,ips,0.057,0.0664,-14.15,3/31/2022 12:58
Main Engine Room,HT-211,COMP-M-DE-HORIZ,6,Horizontal,g's,1.22,0.797,52.65,3/31/2022 12:55
Main Engine Room,HT-211,COMP-M-DE-HORIZ,6,Horizontal,g's,0.0289,0.0194,49.41,3/31/2022 12:55
Main Engine Room,HT-211,COMP-M-DE-HORIZ,6,Horizontal,ips,0.121,0.114,5.716,3/31/2022 12:54
Main Engine Room,HT-211,COMP-M-DE-HORIZ,6,Horizontal,ips,0.0898,0.0719,24.85,3/31/2022 12:54
Main Engine Room,HT-211,COMP-M-DE-VERT,7,Vertical,g's,0.939,0.81,15.93,3/31/2022 12:55
Main Engine Room,HT-211,COMP-M-DE-VERT,7,Vertical,g's,0.0275,0.0135,103.3,3/31/2022 12:55
Main Engine Room,HT-211,COMP-M-DE-VERT,7,Vertical,ips,0.119,0.127,-6.684,3/31/2022 12:55
Main Engine Room,HT-211,COMP-M-DE-VERT,7,Vertical,ips,0.0736,0.0753,-2.158,3/31/2022 12:55
Main Engine Room,HT-211,COMP-M-ODE-AXIAL,10,Axial,g's,1.46,1.16,25.48,3/31/2022 12:57
Main Engine Room,HT-211,COMP-M-ODE-AXIAL,10,Axial,g's,0.0391,0.0525,-25.54,3/31/2022 12:57
Main Engine Room,HT-211,COMP-M-ODE-AXIAL,10,Axial,ips,0.113,0.0893,26.21,3/31/2022 12:57
Main Engine Room,HT-211,COMP-M-ODE-AXIAL,10,Axial,ips,0.0497,0.0378,31.4,3/31/2022 12:57
Main Engine Room,HT-211,COMP-M-ODE-HORIZ,8,Horizontal,g's,3.02,1.57,92.46,3/31/2022 12:56
Main Engine Room,HT-211,COMP-M-ODE-HORIZ,8,Horizontal,g's,0.16,0.0709,125.1,3/31/2022 12:56
Main Engine Room,HT-211,COMP-M-ODE-HORIZ,8,Horizontal,ips,0.137,0.115,18.44,3/31/2022 12:56
Main Engine Room,HT-211,COMP-M-ODE-HORIZ,8,Horizontal,ips,0.0443,0.0554,-20.03,3/31/2022 12:56
Main Engine Room,HT-211,COMP-M-ODE-VERT,9,Vertical,g's,1.54,1.39,11.01,3/31/2022 12:56
Main Engine Room,HT-211,COMP-M-ODE-VERT,9,Vertical,g's,0.0586,0.0595,-1.489,3/31/2022 12:56
Main Engine Room,HT-211,COMP-M-ODE-VERT,9,Vertical,ips,0.171,0.167,2.235,3/31/2022 12:56
Main Engine Room,HT-211,COMP-M-ODE-VERT,9,Vertical,ips,0.0868,0.0873,-0.5314,3/31/2022 12:56
Main Engine Room,HT-211,MTR-DE-AXIAL,5,Axial,g's,0.795,0.733,8.525,3/31/2022 12:54
Main Engine Room,HT-211,MTR-DE-AXIAL,5,Axial,g's,0.0246,0.0117,109.4,3/31/2022 12:54
Main Engine Room,HT-211,MTR-DE-AXIAL,5,Axial,ips,0.0936,0.0447,109.5,3/31/2022 12:54
Main Engine Room,HT-211,MTR-DE-AXIAL,5,Axial,ips,0.0274,0.0209,31.19,3/31/2022 12:54
Main Engine Room,HT-211,MTR-DE-HORIZ,3,Horizontal,g's,0.673,0.475,41.81,3/31/2022 12:53
Main Engine Room,HT-211,MTR-DE-HORIZ,3,Horizontal,g's,0.0213,0.013,64.06,3/31/2022 12:53
Main Engine Room,HT-211,MTR-DE-HORIZ,3,Horizontal,ips,0.0996,0.101,-1.273,3/31/2022 12:53
Main Engine Room,HT-211,MTR-DE-HORIZ,3,Horizontal,ips,0.0702,0.0873,-19.6,3/31/2022 12:53
Main Engine Room,HT-211,MTR-DE-VERT,4,Vertical,g's,0.883,0.783,12.77,3/31/2022 12:53
Main Engine Room,HT-211,MTR-DE-VERT,4,Vertical,g's,0.0208,0.0156,33.01,3/31/2022 12:53
Main Engine Room,HT-211,MTR-DE-VERT,4,Vertical,ips,0.0637,0.055,15.85,3/31/2022 12:53
Main Engine Room,HT-211,MTR-DE-VERT,4,Vertical,ips,0.035,0.0329,6.321,3/31/2022 12:53
Main Engine Room,HT-211,MTR-ODE-HORIZ,1,Horizontal,g's,0.935,0.885,5.618,3/31/2022 12:52
Main Engine Room,HT-211,MTR-ODE-HORIZ,1,Horizontal,g's,0.0592,0.0109,444.5,3/31/2022 12:52
Main Engine Room,HT-211,MTR-ODE-HORIZ,1,Horizontal,ips,0.0997,0.0585,70.57,3/31/2022 12:52
Main Engine Room,HT-211,MTR-ODE-HORIZ,1,Horizontal,ips,0.0534,0.0394,35.68,3/31/2022 12:52
Main Engine Room,HT-211,MTR-ODE-VERT,2,Vertical,g's,0.655,0.995,-34.15,3/31/2022 12:52
Main Engine Room,HT-211,MTR-ODE-VERT,2,Vertical,g's,0.0122,0.0162,-24.34,3/31/2022 12:52
Main Engine Room,HT-211,MTR-ODE-VERT,2,Vertical,ips,0.0772,0.0745,3.613,3/31/2022 12:52
Main Engine Room,HT-211,MTR-ODE-VERT,2,Vertical,ips,0.0507,0.0568,-10.84,3/31/2022 12:52
Main Engine Room,LT-301,COMP-F-DE-HORIZ,14,Horizontal,g's,0.335,0.34,-1.486,3/31/2022 13:02
Main Engine Room,LT-301,COMP-F-DE-HORIZ,14,Horizontal,g's,0.00542,0.00525,3.343,3/31/2022 13:02
Main Engine Room,LT-301,COMP-F-DE-HORIZ,14,Horizontal,ips,0.214,0.168,27.45,3/31/2022 13:01
Main Engine Room,LT-301,COMP-F-DE-HORIZ,14,Horizontal,ips,0.167,0.112,48.69,3/31/2022 13:01
Main Engine Room,LT-301,COMP-F-DE-VERT,15,Vertical,g's,0.469,0.443,5.79,3/31/2022 13:02
Main Engine Room,LT-301,COMP-F-DE-VERT,15,Vertical,g's,0.0133,0.0126,5.626,3/31/2022 13:02
Main Engine Room,LT-301,COMP-F-DE-VERT,15,Vertical,ips,0.243,0.255,-4.533,3/31/2022 13:02
Main Engine Room,LT-301,COMP-F-DE-VERT,15,Vertical,ips,0.186,0.215,-13.69,3/31/2022 13:02
Main Engine Room,LT-301,COMP-F-ODE-AXIAL,11,Axial,g's,0.503,0.46,9.221,3/31/2022 13:00
Main Engine Room,LT-301,COMP-F-ODE-AXIAL,11,Axial,g's,0.00688,0.00675,1.921,3/31/2022 13:00
Main Engine Room,LT-301,COMP-F-ODE-AXIAL,11,Axial,ips,0.134,0.107,25.08,3/31/2022 13:00
Main Engine Room,LT-301,COMP-F-ODE-AXIAL,11,Axial,ips,0.0637,0.0618,3.083,3/31/2022 13:00
Main Engine Room,LT-301,COMP-F-ODE-HORIZ,12,Horizontal,g's,0.419,0.385,8.957,3/31/2022 13:01
Main Engine Room,LT-301,COMP-F-ODE-HORIZ,12,Horizontal,g's,0.00443,0.00428,3.387,3/31/2022 13:01
Main Engine Room,LT-301,COMP-F-ODE-HORIZ,12,Horizontal,ips,0.263,0.14,87.98,3/31/2022 13:01
Main Engine Room,LT-301,COMP-F-ODE-HORIZ,12,Horizontal,ips,0.228,0.0948,140.9,3/31/2022 13:01
Main Engine Room,LT-301,COMP-F-ODE-VERT,13,Vertical,g's,0.426,0.334,27.59,3/31/2022 13:01
Main Engine Room,LT-301,COMP-F-ODE-VERT,13,Vertical,g's,0.00856,0.00575,48.81,3/31/2022 13:01
Main Engine Room,LT-301,COMP-F-ODE-VERT,13,Vertical,ips,0.27,0.278,-2.756,3/31/2022 13:01
Main Engine Room,LT-301,COMP-F-ODE-VERT,13,Vertical,ips,0.235,0.248,-5.297,3/31/2022 13:01
Main Engine Room,LT-301,COMP-M-DE-HORIZ,6,Horizontal,g's,1.03,0.698,47.87,3/31/2022 12:58
Main Engine Room,LT-301,COMP-M-DE-HORIZ,6,Horizontal,g's,0.0238,0.00902,164,3/31/2022 12:58
Main Engine Room,LT-301,COMP-M-DE-HORIZ,6,Horizontal,ips,0.246,0.0998,146.5,3/31/2022 12:57
Main Engine Room,LT-301,COMP-M-DE-HORIZ,6,Horizontal,ips,0.173,0.0681,154.4,3/31/2022 12:57
Main Engine Room,LT-301,COMP-M-DE-VERT,7,Vertical,g's,0.64,0.642,-0.3239,3/31/2022 12:58
Main Engine Room,LT-301,COMP-M-DE-VERT,7,Vertical,g's,0.0112,0.0156,-28.33,3/31/2022 12:58
Main Engine Room,LT-301,COMP-M-DE-VERT,7,Vertical,ips,0.26,0.242,7.726,3/31/2022 12:58
Main Engine Room,LT-301,COMP-M-DE-VERT,7,Vertical,ips,0.225,0.165,36.54,3/31/2022 12:58
Main Engine Room,LT-301,COMP-M-ODE-AXIAL,10,Axial,g's,0.751,0.739,1.619,3/31/2022 13:00
Main Engine Room,LT-301,COMP-M-ODE-AXIAL,10,Axial,g's,0.0192,0.0129,48.88,3/31/2022 13:00
Main Engine Room,LT-301,COMP-M-ODE-AXIAL,10,Axial,ips,0.141,0.146,-3.588,3/31/2022 13:00
Main Engine Room,LT-301,COMP-M-ODE-AXIAL,10,Axial,ips,0.0749,0.079,-5.108,3/31/2022 13:00
Main Engine Room,LT-301,COMP-M-ODE-HORIZ,8,Horizontal,g's,0.416,0.828,-49.71,3/31/2022 12:59
Main Engine Room,LT-301,COMP-M-ODE-HORIZ,8,Horizontal,g's,0.00645,0.0142,-54.56,3/31/2022 12:59
Main Engine Room,LT-301,COMP-M-ODE-HORIZ,8,Horizontal,ips,0.133,0.127,4.43,3/31/2022 12:59
Main Engine Room,LT-301,COMP-M-ODE-HORIZ,8,Horizontal,ips,0.0791,0.0836,-5.417,3/31/2022 12:59
Main Engine Room,LT-301,COMP-M-ODE-VERT,9,Vertical,g's,1.13,0.955,18.84,3/31/2022 12:59
Main Engine Room,LT-301,COMP-M-ODE-VERT,9,Vertical,g's,0.0302,0.0158,91.11,3/31/2022 12:59
Main Engine Room,LT-301,COMP-M-ODE-VERT,9,Vertical,ips,0.337,0.366,-7.992,3/31/2022 12:59
Main Engine Room,LT-301,COMP-M-ODE-VERT,9,Vertical,ips,0.314,0.277,13.33,3/31/2022 12:59
Main Engine Room,LT-301,MTR-DE-AXIAL,5,Axial,g's,0.33,0.426,-22.43,3/31/2022 12:57
Main Engine Room,LT-301,MTR-DE-AXIAL,5,Axial,g's,0.00901,0.0172,-47.53,3/31/2022 12:57
Main Engine Room,LT-301,MTR-DE-AXIAL,5,Axial,ips,0.108,0.0646,67.71,3/31/2022 12:57
Main Engine Room,LT-301,MTR-DE-AXIAL,5,Axial,ips,0.0486,0.0377,29.04,3/31/2022 12:57
Main Engine Room,LT-301,MTR-DE-HORIZ,3,Horizontal,g's,0.41,0.299,37.41,3/31/2022 12:56
Main Engine Room,LT-301,MTR-DE-HORIZ,3,Horizontal,g's,0.0116,0.0062,87.33,3/31/2022 12:56
Main Engine Room,LT-301,MTR-DE-HORIZ,3,Horizontal,ips,0.164,0.144,13.88,3/31/2022 12:56
Main Engine Room,LT-301,MTR-DE-HORIZ,3,Horizontal,ips,0.109,0.118,-8.005,3/31/2022 12:56
Main Engine Room,LT-301,MTR-DE-VERT,4,Vertical,g's,0.249,0.537,-53.6,3/31/2022 12:57
Main Engine Room,LT-301,MTR-DE-VERT,4,Vertical,g's,0.00214,0.0195,-88.99,3/31/2022 12:57
Main Engine Room,LT-301,MTR-DE-VERT,4,Vertical,ips,0.137,0.146,-6.236,3/31/2022 12:56
Main Engine Room,LT-301,MTR-DE-VERT,4,Vertical,ips,0.072,0.101,-28.82,3/31/2022 12:56
Main Engine Room,LT-301,MTR-ODE-HORIZ,1,Horizontal,g's,0.593,0.649,-8.7,3/31/2022 12:55
Main Engine Room,LT-301,MTR-ODE-HORIZ,1,Horizontal,g's,0.00937,0.0267,-64.87,3/31/2022 12:55
Main Engine Room,LT-301,MTR-ODE-HORIZ,1,Horizontal,ips,0.134,0.1,34.07,3/31/2022 12:55
Main Engine Room,LT-301,MTR-ODE-HORIZ,1,Horizontal,ips,0.0975,0.0297,228.7,3/31/2022 12:55
Main Engine Room,LT-301,MTR-ODE-VERT,2,Vertical,g's,1.03,0.431,138.9,3/31/2022 12:56
Main Engine Room,LT-301,MTR-ODE-VERT,2,Vertical,g's,0.0216,0.00895,141.4,3/31/2022 12:56
Main Engine Room,LT-301,MTR-ODE-VERT,2,Vertical,ips,0.114,0.152,-24.92,3/31/2022 12:56
Main Engine Room,LT-301,MTR-ODE-VERT,2,Vertical,ips,0.0714,0.0665,7.328,3/31/2022 12:56
Main Engine Room,LT-304,COMP-F-DE-HORIZ,14,Horizontal,g's,0.274,0.442,-37.98,3/31/2022 12:54
Main Engine Room,LT-304,COMP-F-DE-HORIZ,14,Horizontal,g's,0.00353,0.00681,-48.15,3/31/2022 12:54
Main Engine Room,LT-304,COMP-F-DE-HORIZ,14,Horizontal,ips,0.133,0.136,-2.304,3/31/2022 12:54
Main Engine Room,LT-304,COMP-F-DE-HORIZ,14,Horizontal,ips,0.113,0.129,-12.34,3/31/2022 12:54
Main Engine Room,LT-304,COMP-F-DE-VERT,15,Vertical,g's,0.265,0.211,25.36,3/31/2022 12:55
Main Engine Room,LT-304,COMP-F-DE-VERT,15,Vertical,g's,0.00288,0.00269,7.102,3/31/2022 12:55
Main Engine Room,LT-304,COMP-F-DE-VERT,15,Vertical,ips,0.117,0.125,-6.371,3/31/2022 12:55
Main Engine Room,LT-304,COMP-F-DE-VERT,15,Vertical,ips,0.107,0.114,-6.578,3/31/2022 12:55
Main Engine Room,LT-304,COMP-F-ODE-AXIAL,11,Axial,g's,0.159,0.269,-40.89,3/31/2022 12:53
Main Engine Room,LT-304,COMP-F-ODE-AXIAL,11,Axial,g's,0.0025,0.00324,-22.82,3/31/2022 12:53
Main Engine Room,LT-304,COMP-F-ODE-AXIAL,11,Axial,ips,0.0465,0.0519,-10.39,3/31/2022 12:53
Main Engine Room,LT-304,COMP-F-ODE-AXIAL,11,Axial,ips,0.0223,0.037,-39.82,3/31/2022 12:53
Main Engine Room,LT-304,COMP-F-ODE-HORIZ,12,Horizontal,g's,0.184,0.385,-52.14,3/31/2022 12:53
Main Engine Room,LT-304,COMP-F-ODE-HORIZ,12,Horizontal,g's,0.00456,0.00929,-50.86,3/31/2022 12:53
Main Engine Room,LT-304,COMP-F-ODE-HORIZ,12,Horizontal,ips,0.0879,0.0495,77.8,3/31/2022 12:53
Main Engine Room,LT-304,COMP-F-ODE-HORIZ,12,Horizontal,ips,0.0762,0.0293,159.5,3/31/2022 12:53
Main Engine Room,LT-304,COMP-F-ODE-VERT,13,Vertical,g's,0.189,0.394,-52.09,3/31/2022 12:54
Main Engine Room,LT-304,COMP-F-ODE-VERT,13,Vertical,g's,0.00209,0.00481,-56.51,3/31/2022 12:54
Main Engine Room,LT-304,COMP-F-ODE-VERT,13,Vertical,ips,0.0974,0.0614,58.67,3/31/2022 12:54
Main Engine Room,LT-304,COMP-F-ODE-VERT,13,Vertical,ips,0.0623,0.0355,75.51,3/31/2022 12:54
Main Engine Room,LT-304,COMP-M-DE-HORIZ,6,Horizontal,g's,0.239,0.523,-54.3,3/31/2022 12:51
Main Engine Room,LT-304,COMP-M-DE-HORIZ,6,Horizontal,g's,0.00393,0.0199,-80.25,3/31/2022 12:51
Main Engine Room,LT-304,COMP-M-DE-HORIZ,6,Horizontal,ips,0.143,0.135,5.283,3/31/2022 12:50
Main Engine Room,LT-304,COMP-M-DE-HORIZ,6,Horizontal,ips,0.128,0.127,0.634,3/31/2022 12:50
Main Engine Room,LT-304,COMP-M-DE-VERT,7,Vertical,g's,0.279,0.241,15.76,3/31/2022 12:51
Main Engine Room,LT-304,COMP-M-DE-VERT,7,Vertical,g's,0.00693,0.0052,33.33,3/31/2022 12:51
Main Engine Room,LT-304,COMP-M-DE-VERT,7,Vertical,ips,0.139,0.125,11.18,3/31/2022 12:51
Main Engine Room,LT-304,COMP-M-DE-VERT,7,Vertical,ips,0.107,0.102,5.444,3/31/2022 12:51
Main Engine Room,LT-304,COMP-M-ODE-AXIAL,10,Axial,g's,0.173,0.219,-20.84,3/31/2022 12:52
Main Engine Room,LT-304,COMP-M-ODE-AXIAL,10,Axial,g's,0.00226,0.00697,-67.66,3/31/2022 12:52
Main Engine Room,LT-304,COMP-M-ODE-AXIAL,10,Axial,ips,0.0771,0.124,-37.95,3/31/2022 12:52
Main Engine Room,LT-304,COMP-M-ODE-AXIAL,10,Axial,ips,0.0678,0.112,-39.74,3/31/2022 12:52
Main Engine Room,LT-304,COMP-M-ODE-HORIZ,8,Horizontal,g's,0.178,0.331,-46.06,3/31/2022 12:51
Main Engine Room,LT-304,COMP-M-ODE-HORIZ,8,Horizontal,g's,0.00204,0.00361,-43.34,3/31/2022 12:51
Main Engine Room,LT-304,COMP-M-ODE-HORIZ,8,Horizontal,ips,0.106,0.0494,114.7,3/31/2022 12:51
Main Engine Room,LT-304,COMP-M-ODE-HORIZ,8,Horizontal,ips,0.0728,0.0328,122.3,3/31/2022 12:51
Main Engine Room,LT-304,COMP-M-ODE-VERT,9,Vertical,g's,0.347,0.528,-34.15,3/31/2022 12:52
Main Engine Room,LT-304,COMP-M-ODE-VERT,9,Vertical,g's,0.00642,0.0115,-44.24,3/31/2022 12:52
Main Engine Room,LT-304,COMP-M-ODE-VERT,9,Vertical,ips,0.0841,0.0717,17.39,3/31/2022 12:52
Main Engine Room,LT-304,COMP-M-ODE-VERT,9,Vertical,ips,0.0625,0.0446,40.2,3/31/2022 12:52
Main Engine Room,LT-304,MTR-DE-AXIAL,5,Axial,g's,1.92,0.798,140.4,3/31/2022 12:50
Main Engine Room,LT-304,MTR-DE-AXIAL,5,Axial,g's,0.0217,0.0108,100.3,3/31/2022 12:50
Main Engine Room,LT-304,MTR-DE-AXIAL,5,Axial,ips,0.0981,0.108,-9.25,3/31/2022 12:50
Main Engine Room,LT-304,MTR-DE-AXIAL,5,Axial,ips,0.0788,0.0775,1.691,3/31/2022 12:50
Main Engine Room,LT-304,MTR-DE-HORIZ,3,Horizontal,g's,1.12,0.517,117,3/31/2022 12:49
Main Engine Room,LT-304,MTR-DE-HORIZ,3,Horizontal,g's,0.0244,0.0143,70.18,3/31/2022 12:49
Main Engine Room,LT-304,MTR-DE-HORIZ,3,Horizontal,ips,0.126,0.107,18.13,3/31/2022 12:49
Main Engine Room,LT-304,MTR-DE-HORIZ,3,Horizontal,ips,0.0909,0.0808,12.38,3/31/2022 12:49
Main Engine Room,LT-304,MTR-DE-VERT,4,Vertical,g's,0.54,0.653,-17.27,3/31/2022 12:50
Main Engine Room,LT-304,MTR-DE-VERT,4,Vertical,g's,0.0098,0.0216,-54.72,3/31/2022 12:50
Main Engine Room,LT-304,MTR-DE-VERT,4,Vertical,ips,0.0773,0.0865,-10.66,3/31/2022 12:50
Main Engine Room,LT-304,MTR-DE-VERT,4,Vertical,ips,0.0577,0.0506,13.89,3/31/2022 12:50
Main Engine Room,LT-304,MTR-ODE-HORIZ,1,Horizontal,g's,1.62,0.53,206.4,3/31/2022 12:48
Main Engine Room,LT-304,MTR-ODE-HORIZ,1,Horizontal,g's,0.0216,0.0174,24.25,3/31/2022 12:48
Main Engine Room,LT-304,MTR-ODE-HORIZ,1,Horizontal,ips,0.156,0.119,31.27,3/31/2022 12:48
Main Engine Room,LT-304,MTR-ODE-HORIZ,1,Horizontal,ips,0.0939,0.104,-9.723,3/31/2022 12:48
Main Engine Room,LT-304,MTR-ODE-VERT,2,Vertical,g's,0.589,0.946,-37.71,3/31/2022 12:49
Main Engine Room,LT-304,MTR-ODE-VERT,2,Vertical,g's,0.00722,0.0429,-83.18,3/31/2022 12:49
Main Engine Room,LT-304,MTR-ODE-VERT,2,Vertical,ips,0.139,0.116,20.52,3/31/2022 12:49
Main Engine Room,LT-304,MTR-ODE-VERT,2,Vertical,ips,0.111,0.0689,60.93,3/31/2022 12:49
Main Engine Room,LT-306,COMP-DE-HORIZ,6,Horizontal,g's,3.5,1.91,83.61,3/31/2022 13:15
Main Engine Room,LT-306,COMP-DE-HORIZ,6,Horizontal,g's,0.0838,0.0435,92.76,3/31/2022 13:15
Main Engine Room,LT-306,COMP-DE-HORIZ,6,Horizontal,ips,0.164,0.157,4.834,3/31/2022 13:15
Main Engine Room,LT-306,COMP-DE-HORIZ,6,Horizontal,ips,0.0854,0.0903,-5.441,3/31/2022 13:15
Main Engine Room,LT-306,COMP-DE-VERT,7,Vertical,g's,1.6,0.806,98.68,3/31/2022 13:15
Main Engine Room,LT-306,COMP-DE-VERT,7,Vertical,g's,0.0423,0.0187,126.1,3/31/2022 13:15
Main Engine Room,LT-306,COMP-DE-VERT,7,Vertical,ips,0.156,0.0976,60.01,3/31/2022 13:15
Main Engine Room,LT-306,COMP-DE-VERT,7,Vertical,ips,0.0397,0.0555,-28.51,3/31/2022 13:15
Main Engine Room,LT-306,COMP-ODE-AXIAL,10,Axial,g's,4.05,3.01,34.71,3/31/2022 13:16
Main Engine Room,LT-306,COMP-ODE-AXIAL,10,Axial,g's,0.151,0.0925,63.7,3/31/2022 13:16
Main Engine Room,LT-306,COMP-ODE-AXIAL,10,Axial,ips,0.203,0.114,78.08,3/31/2022 13:16
Main Engine Room,LT-306,COMP-ODE-AXIAL,10,Axial,ips,0.0354,0.042,-15.72,3/31/2022 13:16
Main Engine Room,LT-306,COMP-ODE-HORIZ,8,Horizontal,g's,3.23,1.34,140.4,3/31/2022 13:16
Main Engine Room,LT-306,COMP-ODE-HORIZ,8,Horizontal,g's,0.078,0.0396,97.15,3/31/2022 13:16
Main Engine Room,LT-306,COMP-ODE-HORIZ,8,Horizontal,ips,0.163,0.0884,84.5,3/31/2022 13:15
Main Engine Room,LT-306,COMP-ODE-HORIZ,8,Horizontal,ips,0.063,0.0447,40.99,3/31/2022 13:15
Main Engine Room,LT-306,COMP-ODE-VERT,9,Vertical,g's,2.86,0.914,212.4,3/31/2022 13:16
Main Engine Room,LT-306,COMP-ODE-VERT,9,Vertical,g's,0.0745,0.0246,202.4,3/31/2022 13:16
Main Engine Room,LT-306,COMP-ODE-VERT,9,Vertical,ips,0.208,0.131,58.91,3/31/2022 13:16
Main Engine Room,LT-306,COMP-ODE-VERT,9,Vertical,ips,0.0698,0.0646,8.102,3/31/2022 13:16
Main Engine Room,LT-306,MTR-DE-AXIAL,5,Axial,g's,0.117,0.0766,53.01,3/31/2022 13:14
Main Engine Room,LT-306,MTR-DE-AXIAL,5,Axial,g's,0.00281,0.00153,84.4,3/31/2022 13:14
Main Engine Room,LT-306,MTR-DE-AXIAL,5,Axial,ips,0.0638,0.114,-44.05,3/31/2022 13:14
Main Engine Room,LT-306,MTR-DE-AXIAL,5,Axial,ips,0.0274,0.0717,-61.75,3/31/2022 13:14
Main Engine Room,LT-306,MTR-DE-HORIZ,3,Horizontal,g's,0.329,0.192,70.82,3/31/2022 13:14
Main Engine Room,LT-306,MTR-DE-HORIZ,3,Horizontal,g's,0.0108,0.00309,249,3/31/2022 13:14
Main Engine Room,LT-306,MTR-DE-HORIZ,3,Horizontal,ips,0.229,0.0854,167.9,3/31/2022 13:14
Main Engine Room,LT-306,MTR-DE-HORIZ,3,Horizontal,ips,0.178,0.0369,382.7,3/31/2022 13:14
Main Engine Room,LT-306,MTR-DE-VERT,4,Vertical,g's,0.212,0.179,18.37,3/31/2022 13:14
Main Engine Room,LT-306,MTR-DE-VERT,4,Vertical,g's,0.00761,0.00286,166.6,3/31/2022 13:14
Main Engine Room,LT-306,MTR-DE-VERT,4,Vertical,ips,0.0631,0.0541,16.56,3/31/2022 13:14
Main Engine Room,LT-306,MTR-DE-VERT,4,Vertical,ips,0.0316,0.0211,50.18,3/31/2022 13:14
Main Engine Room,LT-306,MTR-ODE-HORIZ,1,Horizontal,g's,0.222,0.194,14.43,3/31/2022 13:13
Main Engine Room,LT-306,MTR-ODE-HORIZ,1,Horizontal,g's,0.00716,0.00694,3.169,3/31/2022 13:13
Main Engine Room,LT-306,MTR-ODE-HORIZ,1,Horizontal,ips,0.141,0.141,-0.2443,3/31/2022 13:13
Main Engine Room,LT-306,MTR-ODE-HORIZ,1,Horizontal,ips,0.0913,0.0892,2.348,3/31/2022 13:13
Main Engine Room,LT-306,MTR-ODE-VERT,2,Vertical,g's,0.22,0.149,47.54,3/31/2022 13:13
Main Engine Room,LT-306,MTR-ODE-VERT,2,Vertical,g's,0.0063,0.00367,71.65,3/31/2022 13:13
Main Engine Room,LT-306,MTR-ODE-VERT,2,Vertical,ips,0.0792,0.088,-10.05,3/31/2022 13:13
Main Engine Room,LT-306,MTR-ODE-VERT,2,Vertical,ips,0.0461,0.0491,-6.198,3/31/2022 13:13
Main Engine Room,LT-308,COMP-DE-HORIZ,6,Horizontal,g's,6.43,10.3,-37.29,3/31/2022 13:06
Main Engine Room,LT-308,COMP-DE-HORIZ,6,Horizontal,g's,0.0993,0.103,-3.125,3/31/2022 13:06
Main Engine Room,LT-308,COMP-DE-HORIZ,6,Horizontal,ips,0.434,0.472,-8.109,3/31/2022 13:06
Main Engine Room,LT-308,COMP-DE-HORIZ,6,Horizontal,ips,0.0405,0.0928,-56.38,3/31/2022 13:06
Main Engine Room,LT-308,COMP-DE-VERT,7,Vertical,g's,2.11,5.16,-59.06,3/31/2022 13:07
Main Engine Room,LT-308,COMP-DE-VERT,7,Vertical,g's,0.0179,0.0998,-82.03,3/31/2022 13:07
Main Engine Room,LT-308,COMP-DE-VERT,7,Vertical,ips,0.304,0.57,-46.73,3/31/2022 13:06
Main Engine Room,LT-308,COMP-DE-VERT,7,Vertical,ips,0.0962,0.373,-74.25,3/31/2022 13:06
Main Engine Room,LT-308,COMP-ODE-AXIAL,10,Axial,g's,9.36,3.92,138.7,3/31/2022 13:07
Main Engine Room,LT-308,COMP-ODE-AXIAL,10,Axial,g's,0.0801,0.0408,96.26,3/31/2022 13:07
Main Engine Room,LT-308,COMP-ODE-AXIAL,10,Axial,ips,0.488,0.384,27.12,3/31/2022 13:07
Main Engine Room,LT-308,COMP-ODE-AXIAL,10,Axial,ips,0.16,0.162,-1.056,3/31/2022 13:07
Main Engine Room,LT-308,COMP-ODE-HORIZ,8,Horizontal,g's,9.18,4.9,87.48,3/31/2022 13:07
Main Engine Room,LT-308,COMP-ODE-HORIZ,8,Horizontal,g's,0.19,0.0659,187.5,3/31/2022 13:07
Main Engine Room,LT-308,COMP-ODE-HORIZ,8,Horizontal,ips,0.396,0.587,-32.43,3/31/2022 13:07
Main Engine Room,LT-308,COMP-ODE-HORIZ,8,Horizontal,ips,0.0714,0.281,-74.62,3/31/2022 13:07
Main Engine Room,LT-308,COMP-ODE-VERT,9,Vertical,g's,5.01,3.52,42.15,3/31/2022 13:07
Main Engine Room,LT-308,COMP-ODE-VERT,9,Vertical,g's,0.0369,0.0313,18.05,3/31/2022 13:07
Main Engine Room,LT-308,COMP-ODE-VERT,9,Vertical,ips,0.366,0.327,11.8,3/31/2022 13:07
Main Engine Room,LT-308,COMP-ODE-VERT,9,Vertical,ips,0.119,0.0822,44.86,3/31/2022 13:07
Main Engine Room,LT-308,MTR-DE-AXIAL,5,Axial,g's,0.329,0.202,63.01,3/31/2022 13:06
Main Engine Room,LT-308,MTR-DE-AXIAL,5,Axial,g's,0.0097,0.00778,24.71,3/31/2022 13:06
Main Engine Room,LT-308,MTR-DE-AXIAL,5,Axial,ips,0.138,0.175,-21.27,3/31/2022 13:06
Main Engine Room,LT-308,MTR-DE-AXIAL,5,Axial,ips,0.116,0.113,2.495,3/31/2022 13:06
Main Engine Room,LT-308,MTR-DE-HORIZ,3,Horizontal,g's,0.189,0.217,-12.73,3/31/2022 13:05
Main Engine Room,LT-308,MTR-DE-HORIZ,3,Horizontal,g's,0.0041,0.00439,-6.435,3/31/2022 13:05
Main Engine Room,LT-308,MTR-DE-HORIZ,3,Horizontal,ips,0.0951,0.112,-15.41,3/31/2022 13:05
Main Engine Room,LT-308,MTR-DE-HORIZ,3,Horizontal,ips,0.0492,0.0692,-28.91,3/31/2022 13:05
Main Engine Room,LT-308,MTR-DE-VERT,4,Vertical,g's,0.534,0.287,85.96,3/31/2022 13:06
Main Engine Room,LT-308,MTR-DE-VERT,4,Vertical,g's,0.0103,0.00881,16.88,3/31/2022 13:06
Main Engine Room,LT-308,MTR-DE-VERT,4,Vertical,ips,0.0796,0.0758,5.004,3/31/2022 13:06
Main Engine Room,LT-308,MTR-DE-VERT,4,Vertical,ips,0.0553,0.0502,10.08,3/31/2022 13:06
Main Engine Room,LT-308,MTR-ODE-HORIZ,1,Horizontal,g's,0.241,0.191,25.88,3/31/2022 13:05
Main Engine Room,LT-308,MTR-ODE-HORIZ,1,Horizontal,g's,0.00317,0.00226,40.01,3/31/2022 13:05
Main Engine Room,LT-308,MTR-ODE-HORIZ,1,Horizontal,ips,0.0762,0.0797,-4.438,3/31/2022 13:05
Main Engine Room,LT-308,MTR-ODE-HORIZ,1,Horizontal,ips,0.0377,0.0338,11.45,3/31/2022 13:05
Main Engine Room,LT-308,MTR-ODE-VERT,2,Vertical,g's,0.291,0.242,20.25,3/31/2022 13:05
Main Engine Room,LT-308,MTR-ODE-VERT,2,Vertical,g's,0.00579,0.00265,118.7,3/31/2022 13:05
Main Engine Room,LT-308,MTR-ODE-VERT,2,Vertical,ips,0.102,0.119,-14.29,3/31/2022 13:05
Main Engine Room,LT-308,MTR-ODE-VERT,2,Vertical,ips,0.0715,0.0772,-7.399,3/31/2022 13:05
Main Engine Room,P-104,MTR DE A,3,Axial,g's,0.0484,0.039,24.27,3/1/2022 10:34
Main Engine Room,P-104,MTR DE A,3,Axial,g's,0.000712,0.00051,39.46,3/1/2022 10:34
Main Engine Room,P-104,MTR DE A,3,Axial,ips,0.0825,0.0962,-14.25,3/1/2022 10:34
Main Engine Room,P-104,MTR DE A,3,Axial,ips,0.0455,0.0449,1.264,3/1/2022 10:34
Main Engine Room,P-104,MTR DE H,2,Horizontal,g's,0.0525,0.161,-67.31,3/31/2022 13:17
Main Engine Room,P-104,MTR DE H,2,Horizontal,g's,0.000327,0.00368,-91.12,3/31/2022 13:17
Main Engine Room,P-104,MTR DE H,2,Horizontal,ips,0.0799,0.0768,4.018,3/31/2022 13:17
Main Engine Room,P-104,MTR DE H,2,Horizontal,ips,0.00739,0.0426,-82.66,3/31/2022 13:17
Main Engine Room,P-104,MTR ODE H,1,Horizontal,g's,0.0515,0.0707,-27.19,3/31/2022 13:17
Main Engine Room,P-104,MTR ODE H,1,Horizontal,g's,0.000678,0.000937,-27.69,3/31/2022 13:17
Main Engine Room,P-104,MTR ODE H,1,Horizontal,ips,0.11,0.12,-8.488,3/31/2022 13:16
Main Engine Room,P-104,MTR ODE H,1,Horizontal,ips,0.0792,0.0833,-4.982,3/31/2022 13:16
Main Engine Room,P-104,PUMP DE H,4,Horizontal,g's,0.593, ,--,3/31/2022 13:21
Main Engine Room,P-104,PUMP DE H,4,Horizontal,g's,0.00179, ,--,3/31/2022 13:21
Main Engine Room,P-104,PUMP DE H,4,Horizontal,ips,0.0726, ,--,3/31/2022 13:21
Main Engine Room,P-104,PUMP DE H,4,Horizontal,ips,0.0329, ,--,3/31/2022 13:21
Main Engine Room,P-104,PUMP ODE H,5,Horizontal,g's,0.0653, ,--,3/31/2022 13:21
Main Engine Room,P-104,PUMP ODE H,5,Horizontal,g's,0.00203, ,--,3/31/2022 13:21
Main Engine Room,P-104,PUMP ODE H,5,Horizontal,ips,0.106, ,--,3/31/2022 13:21
Main Engine Room,P-104,PUMP ODE H,5,Horizontal,ips,0.0555, ,--,3/31/2022 13:21
Main Engine Room,P-106,MTR DE A,3,Axial,g's,0.105,0.0165,534,3/31/2022 13:22
Main Engine Room,P-106,MTR DE A,3,Axial,g's,0.00228,0.000207,1003,3/31/2022 13:22
Main Engine Room,P-106,MTR DE A,3,Axial,ips,0.0462,0.0513,-9.878,3/31/2022 13:22
Main Engine Room,P-106,MTR DE A,3,Axial,ips,0.0216,0.0181,19.24,3/31/2022 13:22
Main Engine Room,P-106,MTR DE H,2,Horizontal,g's,0.0397,0.0627,-36.75,3/31/2022 13:22
Main Engine Room,P-106,MTR DE H,2,Horizontal,g's,0.000723,0.00065,11.15,3/31/2022 13:22
Main Engine Room,P-106,MTR DE H,2,Horizontal,ips,0.0481,0.0726,-33.77,3/31/2022 13:22
Main Engine Room,P-106,MTR DE H,2,Horizontal,ips,0.0198,0.0366,-45.96,3/31/2022 13:22
Main Engine Room,P-106,MTR ODE H,1,Horizontal,g's,0.0275,0.0719,-61.72,3/31/2022 13:22
Main Engine Room,P-106,MTR ODE H,1,Horizontal,g's,0.000538,0.00109,-50.63,3/31/2022 13:22
Main Engine Room,P-106,MTR ODE H,1,Horizontal,ips,0.0737,0.0651,13.16,3/31/2022 13:22
Main Engine Room,P-106,MTR ODE H,1,Horizontal,ips,0.0256,0.0595,-56.98,3/31/2022 13:22
Main Engine Room,P-106,PUMP DE H,4,Horizontal,g's,0.389, ,--,3/31/2022 13:18
Main Engine Room,P-106,PUMP DE H,4,Horizontal,g's,0.00642, ,--,3/31/2022 13:18
Main Engine Room,P-106,PUMP DE H,4,Horizontal,ips,0.0433, ,--,3/31/2022 13:18
Main Engine Room,P-106,PUMP DE H,4,Horizontal,ips,0.0218, ,--,3/31/2022 13:18
Main Engine Room,P-106,PUMP ODE H,5,Horizontal,g's,0.274, ,--,3/31/2022 13:19
Main Engine Room,P-106,PUMP ODE H,5,Horizontal,g's,0.00368, ,--,3/31/2022 13:19
Main Engine Room,P-106,PUMP ODE H,5,Horizontal,ips,0.0367, ,--,3/31/2022 13:19
Main Engine Room,P-106,PUMP ODE H,5,Horizontal,ips,0.0324, ,--,3/31/2022 13:19
Main Engine Room,CONDENSER PUMP ,MTR DE A,3,Axial,g's,0.00474,0.0113,-57.93,3/1/2022 10:45
Main Engine Room,CONDENSER PUMP ,MTR DE A,3,Axial,g's,9.16E-05,0.000255,-64.13,3/1/2022 10:45
Main Engine Room,CONDENSER PUMP ,MTR DE A,3,Axial,ips,0.0235,0.0307,-23.59,3/1/2022 10:45
Main Engine Room,CONDENSER PUMP ,MTR DE A,3,Axial,ips,0.0177,0.0233,-24.25,3/1/2022 10:45
Main Engine Room,CONDENSER PUMP ,MTR DE H,2,Horizontal,g's,0.0421,0.0517,-18.55,3/1/2022 10:45
Main Engine Room,CONDENSER PUMP ,MTR DE H,2,Horizontal,g's,0.00153,0.00112,36.91,3/1/2022 10:45
Main Engine Room,CONDENSER PUMP ,MTR DE H,2,Horizontal,ips,0.0617,0.0364,69.51,3/1/2022 10:45
Main Engine Room,CONDENSER PUMP ,MTR DE H,2,Horizontal,ips,0.0518,0.0222,133.5,3/1/2022 10:45
Main Engine Room,CONDENSER PUMP ,MTR ODE H,1,Horizontal,g's,0.0457,0.0563,-18.86,3/1/2022 10:44
Main Engine Room,CONDENSER PUMP ,MTR ODE H,1,Horizontal,g's,0.00124,0.00101,22.51,3/1/2022 10:44
Main Engine Room,CONDENSER PUMP ,MTR ODE H,1,Horizontal,ips,0.0558,0.0419,33.09,3/1/2022 10:44
Main Engine Room,CONDENSER PUMP ,MTR ODE H,1,Horizontal,ips,0.0357,0.0285,25.12,3/1/2022 10:44
Main Engine Room,CONDENSER PUMP ,PUMP DE H,4,Horizontal,g's,0.0101,0.0321,-68.61,3/1/2022 10:45
Main Engine Room,CONDENSER PUMP ,PUMP DE H,4,Horizontal,g's,0.000142,0.000568,-75.05,3/1/2022 10:45
Main Engine Room,CONDENSER PUMP ,PUMP DE H,4,Horizontal,ips,0.106,0.0293,263.9,3/1/2022 10:45
Main Engine Room,CONDENSER PUMP ,PUMP DE H,4,Horizontal,ips,0.0955,0.0269,254.7,3/1/2022 10:45
Main Engine Room,CONDENSER PUMP ,PUMP ODE H,5,Horizontal,g's,0.0293,0.0198,47.8,3/1/2022 10:46
Main Engine Room,CONDENSER PUMP ,PUMP ODE H,5,Horizontal,g's,0.000272,0.000252,7.88,3/1/2022 10:46
Main Engine Room,CONDENSER PUMP ,PUMP ODE H,5,Horizontal,ips,0.131,0.0483,170.8,3/1/2022 10:46
Main Engine Room,CONDENSER PUMP ,PUMP ODE H,5,Horizontal,ips,0.132,0.0373,252.7,3/1/2022 10:46
Main Engine Room,HT-502,COMP-F-DE-HORIZ,14,Horizontal,g's,0.445,0.603,-26.19,3/31/2022 13:27
Main Engine Room,HT-502,COMP-F-DE-HORIZ,14,Horizontal,g's,0.00826,0.00458,80.5,3/31/2022 13:27
Main Engine Room,HT-502,COMP-F-DE-HORIZ,14,Horizontal,ips,0.19,0.161,17.84,3/31/2022 13:27
Main Engine Room,HT-502,COMP-F-DE-HORIZ,14,Horizontal,ips,0.123,0.102,20.4,3/31/2022 13:27
Main Engine Room,HT-502,COMP-F-DE-VERT,15,Vertical,g's,0.369,0.462,-20.07,3/31/2022 13:27
Main Engine Room,HT-502,COMP-F-DE-VERT,15,Vertical,g's,0.00318,0.00375,-15.07,3/31/2022 13:27
Main Engine Room,HT-502,COMP-F-DE-VERT,15,Vertical,ips,0.245,0.163,50.59,3/31/2022 13:27
Main Engine Room,HT-502,COMP-F-DE-VERT,15,Vertical,ips,0.182,0.0801,127.1,3/31/2022 13:27
Main Engine Room,HT-502,COMP-F-ODE-AXIAL,11,Axial,g's,0.285,0.645,-55.89,3/31/2022 13:25
Main Engine Room,HT-502,COMP-F-ODE-AXIAL,11,Axial,g's,0.00282,0.00632,-55.31,3/31/2022 13:25
Main Engine Room,HT-502,COMP-F-ODE-AXIAL,11,Axial,ips,0.17,0.155,9.738,3/31/2022 13:25
Main Engine Room,HT-502,COMP-F-ODE-AXIAL,11,Axial,ips,0.137,0.145,-5.982,3/31/2022 13:25
Main Engine Room,HT-502,COMP-F-ODE-HORIZ,12,Horizontal,g's,0.284,0.363,-21.85,3/31/2022 13:26
Main Engine Room,HT-502,COMP-F-ODE-HORIZ,12,Horizontal,g's,0.00273,0.00628,-56.5,3/31/2022 13:26
Main Engine Room,HT-502,COMP-F-ODE-HORIZ,12,Horizontal,ips,0.433,0.36,20.3,3/31/2022 13:26
Main Engine Room,HT-502,COMP-F-ODE-HORIZ,12,Horizontal,ips,0.4,0.35,14.28,3/31/2022 13:26
Main Engine Room,HT-502,COMP-F-ODE-VERT,13,Vertical,g's,0.384,0.355,8.106,3/31/2022 13:26
Main Engine Room,HT-502,COMP-F-ODE-VERT,13,Vertical,g's,0.00368,0.00338,8.802,3/31/2022 13:26
Main Engine Room,HT-502,COMP-F-ODE-VERT,13,Vertical,ips,0.148,0.129,14.77,3/31/2022 13:26
Main Engine Room,HT-502,COMP-F-ODE-VERT,13,Vertical,ips,0.0941,0.0787,19.56,3/31/2022 13:26
Main Engine Room,HT-502,COMP-M-DE-HORIZ,6,Horizontal,g's,0.424,0.427,-0.5203,3/31/2022 13:28
Main Engine Room,HT-502,COMP-M-DE-HORIZ,6,Horizontal,g's,0.00361,0.00484,-25.39,3/31/2022 13:28
Main Engine Room,HT-502,COMP-M-DE-HORIZ,6,Horizontal,ips,0.149,0.149,0.6092,3/31/2022 13:28
Main Engine Room,HT-502,COMP-M-DE-HORIZ,6,Horizontal,ips,0.0951,0.136,-30.21,3/31/2022 13:28
Main Engine Room,HT-502,COMP-M-DE-VERT,7,Vertical,g's,0.583,0.468,24.54,3/31/2022 13:28
Main Engine Room,HT-502,COMP-M-DE-VERT,7,Vertical,g's,0.00432,0.0107,-59.74,3/31/2022 13:28
Main Engine Room,HT-502,COMP-M-DE-VERT,7,Vertical,ips,0.186,0.152,22.51,3/31/2022 13:28
Main Engine Room,HT-502,COMP-M-DE-VERT,7,Vertical,ips,0.0945,0.0693,36.41,3/31/2022 13:28
Main Engine Room,HT-502,COMP-M-ODE-AXIAL,10,Axial,g's,0.571,0.451,26.56,3/31/2022 13:30
Main Engine Room,HT-502,COMP-M-ODE-AXIAL,10,Axial,g's,0.0108,0.00301,258.9,3/31/2022 13:30
Main Engine Room,HT-502,COMP-M-ODE-AXIAL,10,Axial,ips,0.137,0.125,8.998,3/31/2022 13:30
Main Engine Room,HT-502,COMP-M-ODE-AXIAL,10,Axial,ips,0.0795,0.074,7.498,3/31/2022 13:30
Main Engine Room,HT-502,COMP-M-ODE-HORIZ,8,Horizontal,g's,0.355,0.355,0.2144,3/31/2022 13:29
Main Engine Room,HT-502,COMP-M-ODE-HORIZ,8,Horizontal,g's,0.00223,0.00433,-48.5,3/31/2022 13:29
Main Engine Room,HT-502,COMP-M-ODE-HORIZ,8,Horizontal,ips,0.38,0.392,-3.036,3/31/2022 13:29
Main Engine Room,HT-502,COMP-M-ODE-HORIZ,8,Horizontal,ips,0.372,0.384,-2.966,3/31/2022 13:29
Main Engine Room,HT-502,COMP-M-ODE-VERT,9,Vertical,g's,0.374,0.268,39.77,3/31/2022 13:29
Main Engine Room,HT-502,COMP-M-ODE-VERT,9,Vertical,g's,0.00596,0.00435,37.02,3/31/2022 13:29
Main Engine Room,HT-502,COMP-M-ODE-VERT,9,Vertical,ips,0.256,0.173,47.9,3/31/2022 13:29
Main Engine Room,HT-502,COMP-M-ODE-VERT,9,Vertical,ips,0.172,0.121,42.73,3/31/2022 13:29
Main Engine Room,HT-502,MTR-DE-AXIAL,5,Axial,g's,1.36,1.14,19.2,3/31/2022 13:25
Main Engine Room,HT-502,MTR-DE-AXIAL,5,Axial,g's,0.0224,0.0168,33.39,3/31/2022 13:25
Main Engine Room,HT-502,MTR-DE-AXIAL,5,Axial,ips,0.135,0.0835,61.89,3/31/2022 13:25
Main Engine Room,HT-502,MTR-DE-AXIAL,5,Axial,ips,0.0702,0.0584,20.09,3/31/2022 13:25
Main Engine Room,HT-502,MTR-DE-HORIZ,3,Horizontal,g's,0.448,0.702,-36.1,3/31/2022 13:24
Main Engine Room,HT-502,MTR-DE-HORIZ,3,Horizontal,g's,0.0109,0.00697,56.23,3/31/2022 13:24
Main Engine Room,HT-502,MTR-DE-HORIZ,3,Horizontal,ips,0.206,0.181,13.95,3/31/2022 13:24
Main Engine Room,HT-502,MTR-DE-HORIZ,3,Horizontal,ips,0.162,0.156,3.534,3/31/2022 13:24
Main Engine Room,HT-502,MTR-DE-VERT,4,Vertical,g's,0.689,0.805,-14.42,3/31/2022 13:25
Main Engine Room,HT-502,MTR-DE-VERT,4,Vertical,g's,0.0134,0.0243,-44.79,3/31/2022 13:25
Main Engine Room,HT-502,MTR-DE-VERT,4,Vertical,ips,0.0765,0.0571,33.97,3/31/2022 13:24
Main Engine Room,HT-502,MTR-DE-VERT,4,Vertical,ips,0.0556,0.0343,62.08,3/31/2022 13:24
Main Engine Room,HT-502,MTR-ODE-HORIZ,1,Horizontal,g's,0.534,0.779,-31.41,3/31/2022 13:23
Main Engine Room,HT-502,MTR-ODE-HORIZ,1,Horizontal,g's,0.00822,0.00751,9.551,3/31/2022 13:23
Main Engine Room,HT-502,MTR-ODE-HORIZ,1,Horizontal,ips,0.0808,0.104,-22.32,3/31/2022 13:23
Main Engine Room,HT-502,MTR-ODE-HORIZ,1,Horizontal,ips,0.0448,0.0872,-48.63,3/31/2022 13:23
Main Engine Room,HT-502,MTR-ODE-VERT,2,Vertical,g's,0.614,0.483,27.16,3/31/2022 13:24
Main Engine Room,HT-502,MTR-ODE-VERT,2,Vertical,g's,0.00798,0.00694,14.95,3/31/2022 13:24
Main Engine Room,HT-502,MTR-ODE-VERT,2,Vertical,ips,0.113,0.123,-8.164,3/31/2022 13:24
Main Engine Room,HT-502,MTR-ODE-VERT,2,Vertical,ips,0.0702,0.0843,-16.75,3/31/2022 13:24
Main Engine Room,HT-503,COMP-F-DE-HORIZ,14,Horizontal,g's,0.192,0.208,-7.767,3/31/2022 13:33
Main Engine Room,HT-503,COMP-F-DE-HORIZ,14,Horizontal,g's,0.00286,0.00285,0.5898,3/31/2022 13:33
Main Engine Room,HT-503,COMP-F-DE-HORIZ,14,Horizontal,ips,0.12,0.0981,22.35,3/31/2022 13:33
Main Engine Room,HT-503,COMP-F-DE-HORIZ,14,Horizontal,ips,0.117,0.0833,39.86,3/31/2022 13:33
Main Engine Room,HT-503,COMP-F-DE-VERT,15,Vertical,g's,0.331,0.152,118,3/31/2022 13:34
Main Engine Room,HT-503,COMP-F-DE-VERT,15,Vertical,g's,0.00437,0.00167,161.4,3/31/2022 13:34
Main Engine Room,HT-503,COMP-F-DE-VERT,15,Vertical,ips,0.127,0.0749,69.16,3/31/2022 13:34
Main Engine Room,HT-503,COMP-F-DE-VERT,15,Vertical,ips,0.125,0.05,150.4,3/31/2022 13:34
Main Engine Room,HT-503,COMP-F-ODE-AXIAL,11,Axial,g's,0.547,0.271,101.5,3/31/2022 13:32
Main Engine Room,HT-503,COMP-F-ODE-AXIAL,11,Axial,g's,0.00827,0.00704,17.44,3/31/2022 13:32
Main Engine Room,HT-503,COMP-F-ODE-AXIAL,11,Axial,ips,0.085,0.0894,-4.887,3/31/2022 13:32
Main Engine Room,HT-503,COMP-F-ODE-AXIAL,11,Axial,ips,0.064,0.052,23.1,3/31/2022 13:32
Main Engine Room,HT-503,COMP-F-ODE-HORIZ,12,Horizontal,g's,0.239,0.139,72.33,3/31/2022 13:33
Main Engine Room,HT-503,COMP-F-ODE-HORIZ,12,Horizontal,g's,0.00214,0.002,7.034,3/31/2022 13:33
Main Engine Room,HT-503,COMP-F-ODE-HORIZ,12,Horizontal,ips,0.164,0.146,12.27,3/31/2022 13:33
Main Engine Room,HT-503,COMP-F-ODE-HORIZ,12,Horizontal,ips,0.212,0.138,53.46,3/31/2022 13:33
Main Engine Room,HT-503,COMP-F-ODE-VERT,13,Vertical,g's,0.327,0.122,168,3/31/2022 13:33
Main Engine Room,HT-503,COMP-F-ODE-VERT,13,Vertical,g's,0.00407,0.00188,117.1,3/31/2022 13:33
Main Engine Room,HT-503,COMP-F-ODE-VERT,13,Vertical,ips,0.0781,0.0549,42.32,3/31/2022 13:33
Main Engine Room,HT-503,COMP-F-ODE-VERT,13,Vertical,ips,0.0532,0.0424,25.33,3/31/2022 13:33
Main Engine Room,HT-503,COMP-M-DE-HORIZ,6,Horizontal,g's,0.198,0.159,24.11,3/31/2022 13:30
Main Engine Room,HT-503,COMP-M-DE-HORIZ,6,Horizontal,g's,0.00212,0.00298,-28.89,3/31/2022 13:30
Main Engine Room,HT-503,COMP-M-DE-HORIZ,6,Horizontal,ips,0.134,0.0475,182,3/31/2022 13:30
Main Engine Room,HT-503,COMP-M-DE-HORIZ,6,Horizontal,ips,0.079,0.0395,99.89,3/31/2022 13:30
Main Engine Room,HT-503,COMP-M-DE-VERT,7,Vertical,g's,0.307,0.151,104.1,3/31/2022 13:31
Main Engine Room,HT-503,COMP-M-DE-VERT,7,Vertical,g's,0.00275,0.00308,-10.89,3/31/2022 13:31
Main Engine Room,HT-503,COMP-M-DE-VERT,7,Vertical,ips,0.0528,0.0574,-7.99,3/31/2022 13:31
Main Engine Room,HT-503,COMP-M-DE-VERT,7,Vertical,ips,0.0362,0.0334,8.379,3/31/2022 13:31
Main Engine Room,HT-503,COMP-M-ODE-AXIAL,10,Axial,g's,0.432,0.391,10.47,3/31/2022 13:32
Main Engine Room,HT-503,COMP-M-ODE-AXIAL,10,Axial,g's,0.00592,0.00647,-8.491,3/31/2022 13:32
Main Engine Room,HT-503,COMP-M-ODE-AXIAL,10,Axial,ips,0.051,0.0585,-12.88,3/31/2022 13:32
Main Engine Room,HT-503,COMP-M-ODE-AXIAL,10,Axial,ips,0.0334,0.0376,-11.13,3/31/2022 13:32
Main Engine Room,HT-503,COMP-M-ODE-HORIZ,8,Horizontal,g's,0.339,0.288,17.92,3/31/2022 13:31
Main Engine Room,HT-503,COMP-M-ODE-HORIZ,8,Horizontal,g's,0.00414,0.00326,26.93,3/31/2022 13:31
Main Engine Room,HT-503,COMP-M-ODE-HORIZ,8,Horizontal,ips,0.179,0.198,-9.721,3/31/2022 13:31
Main Engine Room,HT-503,COMP-M-ODE-HORIZ,8,Horizontal,ips,0.148,0.186,-20.79,3/31/2022 13:31
Main Engine Room,HT-503,COMP-M-ODE-VERT,9,Vertical,g's,0.169,0.164,2.85,3/31/2022 13:32
Main Engine Room,HT-503,COMP-M-ODE-VERT,9,Vertical,g's,0.00121,0.00248,-51.35,3/31/2022 13:32
Main Engine Room,HT-503,COMP-M-ODE-VERT,9,Vertical,ips,0.0485,0.0582,-16.67,3/31/2022 13:32
Main Engine Room,HT-503,COMP-M-ODE-VERT,9,Vertical,ips,0.0413,0.0379,8.971,3/31/2022 13:32
Main Engine Room,HT-503,MTR-DE-AXIAL,5,Axial,g's,1.96,1.39,40.62,3/31/2022 13:30
Main Engine Room,HT-503,MTR-DE-AXIAL,5,Axial,g's,0.0202,0.0205,-1.633,3/31/2022 13:30
Main Engine Room,HT-503,MTR-DE-AXIAL,5,Axial,ips,0.066,0.0698,-5.459,3/31/2022 13:30
Main Engine Room,HT-503,MTR-DE-AXIAL,5,Axial,ips,0.0395,0.0362,9.043,3/31/2022 13:30
Main Engine Room,HT-503,MTR-DE-HORIZ,3,Horizontal,g's,1.15,0.511,124.4,3/31/2022 13:30
Main Engine Room,HT-503,MTR-DE-HORIZ,3,Horizontal,g's,0.025,0.0103,141.9,3/31/2022 13:30
Main Engine Room,HT-503,MTR-DE-HORIZ,3,Horizontal,ips,0.0555,0.0775,-28.37,3/31/2022 13:29
Main Engine Room,HT-503,MTR-DE-HORIZ,3,Horizontal,ips,0.0659,0.0796,-17.22,3/31/2022 13:29
Main Engine Room,HT-503,MTR-DE-VERT,4,Vertical,g's,0.914,0.554,65.01,3/31/2022 13:30
Main Engine Room,HT-503,MTR-DE-VERT,4,Vertical,g's,0.0092,0.00879,4.688,3/31/2022 13:30
Main Engine Room,HT-503,MTR-DE-VERT,4,Vertical,ips,0.0487,0.0474,2.791,3/31/2022 13:30
Main Engine Room,HT-503,MTR-DE-VERT,4,Vertical,ips,0.0336,0.0467,-28.14,3/31/2022 13:30
Main Engine Room,HT-503,MTR-ODE-HORIZ,1,Horizontal,g's,1.64,0.484,239.6,3/31/2022 13:29
Main Engine Room,HT-503,MTR-ODE-HORIZ,1,Horizontal,g's,0.0468,0.00829,464.9,3/31/2022 13:29
Main Engine Room,HT-503,MTR-ODE-HORIZ,1,Horizontal,ips,0.056,0.0579,-3.202,3/31/2022 13:29
Main Engine Room,HT-503,MTR-ODE-HORIZ,1,Horizontal,ips,0.0226,0.0365,-37.95,3/31/2022 13:29
Main Engine Room,HT-503,MTR-ODE-VERT,2,Vertical,g's,0.512,0.912,-43.85,3/31/2022 13:29
Main Engine Room,HT-503,MTR-ODE-VERT,2,Vertical,g's,0.0058,0.0122,-52.56,3/31/2022 13:29
Main Engine Room,HT-503,MTR-ODE-VERT,2,Vertical,ips,0.0533,0.0576,-7.489,3/31/2022 13:29
Main Engine Room,HT-503,MTR-ODE-VERT,2,Vertical,ips,0.0368,0.0353,4.032,3/31/2022 13:29
Smokehouses,Alkar 11,FAN DE H,7,Horizontal,g's,0.0658, ,--,3/31/2022 14:28
Smokehouses,Alkar 11,FAN DE H,7,Horizontal,g's,0.00099, ,--,3/31/2022 14:28
Smokehouses,Alkar 11,FAN DE H,7,Horizontal,ips,0.0574, ,--,3/31/2022 14:28
Smokehouses,Alkar 11,FAN DE H,7,Horizontal,ips,0.0316, ,--,3/31/2022 14:28
Smokehouses,Alkar 11,FAN ODE H,8,Horizontal,g's,0.0335, ,--,3/31/2022 14:28
Smokehouses,Alkar 11,FAN ODE H,8,Horizontal,g's,0.000613, ,--,3/31/2022 14:28
Smokehouses,Alkar 11,FAN ODE H,8,Horizontal,ips,0.0335, ,--,3/31/2022 14:28
Smokehouses,Alkar 11,FAN ODE H,8,Horizontal,ips,0.018, ,--,3/31/2022 14:28
Smokehouses,Alkar 11,MTR DE ,4,Horizontal,g's,1.71, ,--,3/31/2022 14:27
Smokehouses,Alkar 11,MTR DE ,4,Horizontal,g's,0.0314, ,--,3/31/2022 14:27
Smokehouses,Alkar 11,MTR DE ,4,Horizontal,ips,0.303, ,--,3/31/2022 14:27
Smokehouses,Alkar 11,MTR DE ,4,Horizontal,ips,0.163, ,--,3/31/2022 14:27
Smokehouses,Alkar 11,MTR DE 90,5,Horizontal,g's,2.56, ,--,3/31/2022 14:27
Smokehouses,Alkar 11,MTR DE 90,5,Horizontal,g's,0.0613, ,--,3/31/2022 14:27
Smokehouses,Alkar 11,MTR DE 90,5,Horizontal,ips,0.2, ,--,3/31/2022 14:27
Smokehouses,Alkar 11,MTR DE 90,5,Horizontal,ips,0.0755, ,--,3/31/2022 14:27
Smokehouses,Alkar 11,MTR DE A,6,Axial,g's,0.366, ,--,3/31/2022 14:28
Smokehouses,Alkar 11,MTR DE A,6,Axial,g's,0.00753, ,--,3/31/2022 14:28
Smokehouses,Alkar 11,MTR DE A,6,Axial,ips,0.168, ,--,3/31/2022 14:27
Smokehouses,Alkar 11,MTR DE A,6,Axial,ips,0.0745, ,--,3/31/2022 14:27
Smokehouses,Alkar 11,MTR ODE 90,2,Horizontal,g's,1.68, ,--,3/31/2022 14:26
Smokehouses,Alkar 11,MTR ODE 90,2,Horizontal,g's,0.0461, ,--,3/31/2022 14:26
Smokehouses,Alkar 11,MTR ODE 90,2,Horizontal,ips,0.325, ,--,3/31/2022 14:26
Smokehouses,Alkar 11,MTR ODE 90,2,Horizontal,ips,0.215, ,--,3/31/2022 14:26
Smokehouses,Alkar 11,MTR ODE A,3,Axial,g's,0.924, ,--,3/31/2022 14:27
Smokehouses,Alkar 11,MTR ODE A,3,Axial,g's,0.0302, ,--,3/31/2022 14:27
Smokehouses,Alkar 11,MTR ODE A,3,Axial,ips,0.155, ,--,3/31/2022 14:26
Smokehouses,Alkar 11,MTR ODE A,3,Axial,ips,0.0861, ,--,3/31/2022 14:26
Smokehouses,Alkar 11,MTR ODE H,1,Horizontal,g's,2.09, ,--,3/31/2022 14:25
Smokehouses,Alkar 11,MTR ODE H,1,Horizontal,g's,0.0642, ,--,3/31/2022 14:25
Smokehouses,Alkar 11,MTR ODE H,1,Horizontal,ips,0.218, ,--,3/31/2022 14:25
Smokehouses,Alkar 11,MTR ODE H,1,Horizontal,ips,0.0642, ,--,3/31/2022 14:25
Smokehouses,Alkar 2,FAN DE H,7,Horizontal,g's,0.209, ,--,3/31/2022 14:29
Smokehouses,Alkar 2,FAN DE H,7,Horizontal,g's,0.00369, ,--,3/31/2022 14:29
Smokehouses,Alkar 2,FAN DE H,7,Horizontal,ips,0.039, ,--,3/31/2022 14:29
Smokehouses,Alkar 2,FAN DE H,7,Horizontal,ips,0.026, ,--,3/31/2022 14:29
Smokehouses,Alkar 2,FAN ODE H,8,Horizontal,g's,0.071, ,--,3/31/2022 14:30
Smokehouses,Alkar 2,FAN ODE H,8,Horizontal,g's,0.00121, ,--,3/31/2022 14:30
Smokehouses,Alkar 2,FAN ODE H,8,Horizontal,ips,0.0574, ,--,3/31/2022 14:30
Smokehouses,Alkar 2,FAN ODE H,8,Horizontal,ips,0.0356, ,--,3/31/2022 14:30
Smokehouses,Alkar 2,MTR DE ,4,Horizontal,g's,0.211, ,--,3/31/2022 14:33
Smokehouses,Alkar 2,MTR DE ,4,Horizontal,g's,0.00372, ,--,3/31/2022 14:33
Smokehouses,Alkar 2,MTR DE ,4,Horizontal,ips,0.31, ,--,3/31/2022 14:33
Smokehouses,Alkar 2,MTR DE ,4,Horizontal,ips,0.266, ,--,3/31/2022 14:33
Smokehouses,Alkar 2,MTR DE 90,5,Horizontal,g's,0.27, ,--,3/31/2022 14:34
Smokehouses,Alkar 2,MTR DE 90,5,Horizontal,g's,0.00647, ,--,3/31/2022 14:34
Smokehouses,Alkar 2,MTR DE 90,5,Horizontal,ips,0.183, ,--,3/31/2022 14:34
Smokehouses,Alkar 2,MTR DE 90,5,Horizontal,ips,0.138, ,--,3/31/2022 14:34
Smokehouses,Alkar 2,MTR DE A,6,Axial,g's,0.192, ,--,3/31/2022 14:34
Smokehouses,Alkar 2,MTR DE A,6,Axial,g's,0.00351, ,--,3/31/2022 14:34
Smokehouses,Alkar 2,MTR DE A,6,Axial,ips,0.389, ,--,3/31/2022 14:34
Smokehouses,Alkar 2,MTR DE A,6,Axial,ips,0.285, ,--,3/31/2022 14:34
Smokehouses,Alkar 2,MTR ODE 90,2,Horizontal,g's,0.111, ,--,3/31/2022 14:33
Smokehouses,Alkar 2,MTR ODE 90,2,Horizontal,g's,0.00142, ,--,3/31/2022 14:33
Smokehouses,Alkar 2,MTR ODE 90,2,Horizontal,ips,0.192, ,--,3/31/2022 14:33
Smokehouses,Alkar 2,MTR ODE 90,2,Horizontal,ips,0.159, ,--,3/31/2022 14:33
Smokehouses,Alkar 2,MTR ODE A,3,Axial,g's,0.14, ,--,3/31/2022 14:33
Smokehouses,Alkar 2,MTR ODE A,3,Axial,g's,0.00223, ,--,3/31/2022 14:33
Smokehouses,Alkar 2,MTR ODE A,3,Axial,ips,0.42, ,--,3/31/2022 14:33
Smokehouses,Alkar 2,MTR ODE A,3,Axial,ips,0.275, ,--,3/31/2022 14:33
Smokehouses,Alkar 2,MTR ODE H,1,Horizontal,g's,0.152, ,--,3/31/2022 14:32
Smokehouses,Alkar 2,MTR ODE H,1,Horizontal,g's,0.00325, ,--,3/31/2022 14:32
Smokehouses,Alkar 2,MTR ODE H,1,Horizontal,ips,0.473, ,--,3/31/2022 14:32
Smokehouses,Alkar 2,MTR ODE H,1,Horizontal,ips,0.379, ,--,3/31/2022 14:32
Smokehouses,Marlin 13,MTR DE ,4,Horizontal,g's,0.257, ,--,3/31/2022 14:18
Smokehouses,Marlin 13,MTR DE ,4,Horizontal,g's,0.0078, ,--,3/31/2022 14:18
Smokehouses,Marlin 13,MTR DE ,4,Horizontal,ips,0.312, ,--,3/31/2022 14:18
Smokehouses,Marlin 13,MTR DE ,4,Horizontal,ips,0.257, ,--,3/31/2022 14:18
Smokehouses,Marlin 13,MTR DE 90,5,Horizontal,g's,0.104, ,--,3/31/2022 14:19
Smokehouses,Marlin 13,MTR DE 90,5,Horizontal,g's,0.00213, ,--,3/31/2022 14:19
Smokehouses,Marlin 13,MTR DE 90,5,Horizontal,ips,0.202, ,--,3/31/2022 14:19
Smokehouses,Marlin 13,MTR DE 90,5,Horizontal,ips,0.138, ,--,3/31/2022 14:19
Smokehouses,Marlin 13,MTR DE A,6,Axial,g's,0.249, ,--,3/31/2022 14:19
Smokehouses,Marlin 13,MTR DE A,6,Axial,g's,0.00556, ,--,3/31/2022 14:19
Smokehouses,Marlin 13,MTR DE A,6,Axial,ips,0.322, ,--,3/31/2022 14:19
Smokehouses,Marlin 13,MTR DE A,6,Axial,ips,0.325, ,--,3/31/2022 14:19
Smokehouses,Marlin 13,MTR ODE 90,2,Horizontal,g's,0.16, ,--,3/31/2022 14:18
Smokehouses,Marlin 13,MTR ODE 90,2,Horizontal,g's,0.00439, ,--,3/31/2022 14:18
Smokehouses,Marlin 13,MTR ODE 90,2,Horizontal,ips,0.353, ,--,3/31/2022 14:18
Smokehouses,Marlin 13,MTR ODE 90,2,Horizontal,ips,0.303, ,--,3/31/2022 14:18
Smokehouses,Marlin 13,MTR ODE A,3,Axial,g's,0.121, ,--,3/31/2022 14:18
Smokehouses,Marlin 13,MTR ODE A,3,Axial,g's,0.00317, ,--,3/31/2022 14:18
Smokehouses,Marlin 13,MTR ODE A,3,Axial,ips,0.462, ,--,3/31/2022 14:18
Smokehouses,Marlin 13,MTR ODE A,3,Axial,ips,0.372, ,--,3/31/2022 14:18
Smokehouses,Marlin 13,MTR ODE H,1,Horizontal,g's,0.171, ,--,3/31/2022 14:17
Smokehouses,Marlin 13,MTR ODE H,1,Horizontal,g's,0.00394, ,--,3/31/2022 14:17
Smokehouses,Marlin 13,MTR ODE H,1,Horizontal,ips,0.82, ,--,3/31/2022 14:17
Smokehouses,Marlin 13,MTR ODE H,1,Horizontal,ips,0.716, ,--,3/31/2022 14:17
Smokehouses,Marlin 9,MTR DE ,4,Horizontal,g's,2.71, ,--,3/31/2022 14:22
Smokehouses,Marlin 9,MTR DE ,4,Horizontal,g's,0.0529, ,--,3/31/2022 14:22
Smokehouses,Marlin 9,MTR DE ,4,Horizontal,ips,1.08, ,--,3/31/2022 14:22
Smokehouses,Marlin 9,MTR DE ,4,Horizontal,ips,0.8, ,--,3/31/2022 14:22
Smokehouses,Marlin 9,MTR DE 90,5,Horizontal,g's,1.74, ,--,3/31/2022 14:21
Smokehouses,Marlin 9,MTR DE 90,5,Horizontal,g's,0.0262, ,--,3/31/2022 14:21
Smokehouses,Marlin 9,MTR DE 90,5,Horizontal,ips,0.297, ,--,3/31/2022 14:21
Smokehouses,Marlin 9,MTR DE 90,5,Horizontal,ips,0.179, ,--,3/31/2022 14:21
Smokehouses,Marlin 9,MTR DE A,6,Axial,g's,1.63, ,--,3/31/2022 14:22
Smokehouses,Marlin 9,MTR DE A,6,Axial,g's,0.0212, ,--,3/31/2022 14:22
Smokehouses,Marlin 9,MTR DE A,6,Axial,ips,0.467, ,--,3/31/2022 14:22
Smokehouses,Marlin 9,MTR DE A,6,Axial,ips,0.425, ,--,3/31/2022 14:22
Smokehouses,Marlin 9,MTR ODE 90,2,Horizontal,g's,0.886, ,--,3/31/2022 14:14
Smokehouses,Marlin 9,MTR ODE 90,2,Horizontal,g's,0.0107, ,--,3/31/2022 14:14
Smokehouses,Marlin 9,MTR ODE 90,2,Horizontal,ips,0.407, ,--,3/31/2022 14:14
Smokehouses,Marlin 9,MTR ODE 90,2,Horizontal,ips,0.372, ,--,3/31/2022 14:14
Smokehouses,Marlin 9,MTR ODE A,3,Axial,g's,0.216, ,--,3/31/2022 14:20
Smokehouses,Marlin 9,MTR ODE A,3,Axial,g's,0.00294, ,--,3/31/2022 14:20
Smokehouses,Marlin 9,MTR ODE A,3,Axial,ips,0.503, ,--,3/31/2022 14:20
Smokehouses,Marlin 9,MTR ODE A,3,Axial,ips,0.465, ,--,3/31/2022 14:20
Smokehouses,Marlin 9,MTR ODE H,1,Horizontal,g's,1.13, ,--,3/31/2022 14:14
Smokehouses,Marlin 9,MTR ODE H,1,Horizontal,g's,0.0174, ,--,3/31/2022 14:14
Smokehouses,Marlin 9,MTR ODE H,1,Horizontal,ips,0.162, ,--,3/31/2022 14:14
Smokehouses,Marlin 9,MTR ODE H,1,Horizontal,ips,0.0812, ,--,3/31/2022 14:14
Smokehouses,Wins 14,FAN DE H,7,Horizontal,g's,0.198, ,--,3/31/2022 14:09
Smokehouses,Wins 14,FAN DE H,7,Horizontal,g's,0.00443, ,--,3/31/2022 14:09
Smokehouses,Wins 14,FAN DE H,7,Horizontal,ips,0.0845, ,--,3/31/2022 14:09
Smokehouses,Wins 14,FAN DE H,7,Horizontal,ips,0.0733, ,--,3/31/2022 14:09
Smokehouses,Wins 14,FAN ODE H,8,Horizontal,g's,0.18, ,--,3/31/2022 14:10
Smokehouses,Wins 14,FAN ODE H,8,Horizontal,g's,0.00493, ,--,3/31/2022 14:10
Smokehouses,Wins 14,FAN ODE H,8,Horizontal,ips,0.071, ,--,3/31/2022 14:10
Smokehouses,Wins 14,FAN ODE H,8,Horizontal,ips,0.0655, ,--,3/31/2022 14:10
Smokehouses,Wins 14,MTR DE ,4,Horizontal,g's,0.75, ,--,3/31/2022 14:14
Smokehouses,Wins 14,MTR DE ,4,Horizontal,g's,0.0385, ,--,3/31/2022 14:14
Smokehouses,Wins 14,MTR DE ,4,Horizontal,ips,0.509, ,--,3/31/2022 14:14
Smokehouses,Wins 14,MTR DE ,4,Horizontal,ips,0.418, ,--,3/31/2022 14:14
Smokehouses,Wins 14,MTR DE 90,5,Horizontal,g's,0.914, ,--,3/31/2022 14:14
Smokehouses,Wins 14,MTR DE 90,5,Horizontal,g's,0.0391, ,--,3/31/2022 14:14
Smokehouses,Wins 14,MTR DE 90,5,Horizontal,ips,0.299, ,--,3/31/2022 14:14
Smokehouses,Wins 14,MTR DE 90,5,Horizontal,ips,0.205, ,--,3/31/2022 14:14
Smokehouses,Wins 14,MTR DE A,6,Axial,g's,0.179, ,--,3/31/2022 14:15
Smokehouses,Wins 14,MTR DE A,6,Axial,g's,0.00638, ,--,3/31/2022 14:15
Smokehouses,Wins 14,MTR DE A,6,Axial,ips,0.131, ,--,3/31/2022 14:15
Smokehouses,Wins 14,MTR DE A,6,Axial,ips,0.172, ,--,3/31/2022 14:15
Smokehouses,Wins 14,MTR ODE 90,2,Horizontal,g's,0.338, ,--,3/31/2022 14:13
Smokehouses,Wins 14,MTR ODE 90,2,Horizontal,g's,0.0124, ,--,3/31/2022 14:13
Smokehouses,Wins 14,MTR ODE 90,2,Horizontal,ips,0.255, ,--,3/31/2022 14:13
Smokehouses,Wins 14,MTR ODE 90,2,Horizontal,ips,0.19, ,--,3/31/2022 14:13
Smokehouses,Wins 14,MTR ODE A,3,Axial,g's,0.45, ,--,3/31/2022 14:14
Smokehouses,Wins 14,MTR ODE A,3,Axial,g's,0.0195, ,--,3/31/2022 14:14
Smokehouses,Wins 14,MTR ODE A,3,Axial,ips,0.0558, ,--,3/31/2022 14:14
Smokehouses,Wins 14,MTR ODE A,3,Axial,ips,0.0427, ,--,3/31/2022 14:14
Smokehouses,Wins 14,MTR ODE H,1,Horizontal,g's,0.403, ,--,3/31/2022 14:13
Smokehouses,Wins 14,MTR ODE H,1,Horizontal,g's,0.0187, ,--,3/31/2022 14:13
Smokehouses,Wins 14,MTR ODE H,1,Horizontal,ips,0.397, ,--,3/31/2022 14:13
Smokehouses,Wins 14,MTR ODE H,1,Horizontal,ips,0.41, ,--,3/31/2022 14:13
